cidade;ibge;pib;mat1517;veiculos;motos;populacao;pop1519;pop2024;pop2529;pop60p;jovem;rodovia
Adamantina;3500105;753020;95;22266;5415;33843;2390;2676;2617;19;7683;23
Adolfo;3500204;67123;81;1737;315;3524;255;272;269;17;796;4
Aguaí;3500303;619843;57;16229;4558;33181;2764;2937;3021;13;8723;63
Águas da Prata;3500402;104041;45;3724;765;7651;544;601;586;19;1732;27
Águas de Lindóia;3500501;299599;60;10242;2946;17610;1324;1341;1413;16;4077;7
Águas de Santa Bárbara;3500550;121546;65;2947;443;5700;479;429;415;16;1323;48
Águas de São Pedro;3500600;86655;129;2101;277;2834;201;195;179;25;575;5
Agudos;3500709;1880838;74;16089;3791;35022;2996;3051;3004;12;9051;48
Alambari;3500758;64864;74;1672;489;5150;466;452;467;12;1386;46
Alfredo Marcondes;3500808;53678;71;1809;340;3905;273;306;287;21;866;11
Altair;3500907;89780;63;1188;117;3883;326;338;360;12;1024;17
Altinópolis;3501004;306747;67;7685;681;15581;1274;1263;1269;16;3806;48
Alto Alegre;3501103;74194;67;2015;381;4081;280;311;326;21;917;23
Alumínio;3501152;1601243;74;6107;841;17177;1487;1455;1491;10;4433;9
Álvares Florence;3501202;96972;70;1589;299;3812;262;256;242;23;759;20
Álvares Machado;3501301;314561;69;11243;3127;23566;1974;1998;1853;15;5825;35
Álvaro de Carvalho;3501400;36947;76;998;169;4763;297;535;756;10;1588;15
Alvinlândia;3501509;35027;62;1059;158;3055;273;248;236;14;757;3
Americana;3501608;9084739;93;149688;29994;217932;15516;17587;19277;14;52380;28
Américo Brasiliense;3501707;570593;74;19021;4424;36240;3127;3349;3527;9;10003;28
Américo de Campos;3501806;67507;84;2908;544;5720;427;426;426;19;1280;25
Amparo;3501905;3025036;85;44219;12828;67048;4909;5444;5884;15;16236;79
Analândia;3502002;115428;56;1854;251;4468;358;379;391;15;1128;24
Andradina;3502101;1836095;78;35653;11224;55594;4062;4339;4427;16;12828;100
Angatuba;3502200;656896;59;9753;2422;22886;1946;1953;1868;13;5768;102
Anhembi;3502309;100220;65;1717;187;5956;538;489;456;13;1484;63
Anhumas;3502408;52697;63;1449;269;3807;328;322;307;15;957;4
Aparecida;3502507;678021;71;18422;3874;35220;2781;3008;3028;13;8816;22
Aparecida d'Oeste;3502606;64153;69;2496;492;4352;331;314;272;21;916;14
Apiaí;3502705;559383;70;7829;2383;24917;2530;2118;1813;12;6461;109
Araçariguama;3502754;1286073;58;7562;1363;18266;1675;1705;1695;8;5075;25
Araçatuba;3502804;5376621;81;142817;52750;184468;13178;14089;15059;15;42326;69
Araçoiaba da Serra;3502903;415640;71;15537;3904;28812;2448;2378;2294;14;7120;34
Aramina;3503000;94137;55;2132;186;5262;413;448;452;15;1313;30
Arandu;3503109;72124;60;1856;394;6132;577;544;475;14;1595;13
Arapeí;3503158;22695;68;798;147;2481;219;204;181;15;603;13
Araraquara;3503208;6805273;85;149733;36376;215021;15377;17863;19302;15;52541;129
Araras;3503307;3912489;77;82493;24301;122556;9422;10449;11147;14;31018;63
Arco-Íris;3503356;32851;58;689;156;1886;145;151;137;19;433;
Arealva;3503406;130229;70;3223;723;7950;599;607;580;19;1786;31
Areias;3503505;29902;68;1073;208;3731;355;315;270;13;940;26
Areiópolis;3503604;96064;60;3881;478;10643;959;998;987;9;2944;12
Ariranha;3503703;478412;67;4748;596;8784;656;733;817;14;2205;5
Artur Nogueira;3503802;741917;63;28224;7211;46904;3904;4174;4512;11;12590;21
Arujá;3503901;2630145;84;44939;5963;79305;7122;7013;6993;9;21128;25
Aspásia;3503950;19979;71;846;182;1795;135;143;125;19;402;4
Assis;3504008;2182422;74;63879;19868;97061;7122;8132;8443;15;23697;88
Atibaia;3504107;4535623;87;90113;20855;130604;10445;10668;11028;14;32141;90
Auriflama;3504206;215532;73;8483;2103;14296;1081;1211;1148;17;3439;47
Avaí;3504305;181613;68;1422;223;5057;480;466;390;13;1336;29
Avanhandava;3504404;168590;54;4364;1133;11537;960;1368;1228;11;3555;21
Avaré;3504503;1700617;75;51002;12691;84366;6630;7219;7254;14;21103;109
Bady Bassitt;3504602;249754;71;9359;1679;15182;1203;1224;1251;13;3678;13
Balbinos;3504701;27586;113;548;82;3683;120;590;785;7;1495;12
Bálsamo;3504800;142066;72;4759;863;8279;578;616;650;18;1844;11
Bananal;3504909;140576;61;3211;483;10342;869;810;771;15;2449;81
Barão de Antonina;3505005;34989;75;815;179;3193;275;251;222;16;748;3
Barbosa;3505104;82671;53;2396;644;6794;610;582;538;14;1729;13
Bariri;3505203;782678;69;20432;4869;32340;2540;2586;2694;16;7820;34
Barra Bonita;3505302;1039622;85;24882;4833;35135;2523;2712;2834;15;8068;16
Barra do Chapéu;3505351;44173;68;1348;613;5324;536;441;396;12;1373;
Barra do Turvo;3505401;62325;60;1187;314;7691;782;607;491;15;1880;75
Barretos;3505500;3107891;73;75304;26215;114013;8547;9455;10013;15;28014;104
Barrinha;3505609;318275;64;11115;2807;29648;2606;2791;3003;8;8400;16
Barueri;3505708;38813092;104;143281;22195;247934;21465;21771;22885;8;66121;32
Bastos;3505807;586486;70;12088;3247;20340;1649;1653;1576;14;4878;20
Batatais;3505906;1338427;75;33879;6699;57643;4541;4850;4921;15;14312;82
Bauru;3506003;10040995;82;236646;50557;350357;26274;28723;30538;14;85536;138
Bebedouro;3506102;1919887;83;51090;16091;74829;5853;6064;6174;15;18091;96
Bento de Abreu;3506201;107726;65;1188;227;2757;224;222;237;13;683;28
Bernardino de Campos;3506300;147636;59;5511;811;10773;874;878;788;18;2541;24
Bertioga;3506359;1410546;72;17416;5364;52279;4624;4541;4735;8;13900;83
Bilac;3506409;120043;61;4298;1099;7293;545;592;617;17;1755;26
Birigui;3506508;2301253;78;80367;33194;112678;8380;9134;9707;14;27221;76
Biritiba-Mirim;3506607;470064;63;9356;1529;29680;2680;2612;2540;12;7832;
Boa Esperança do Sul;3506706;204423;55;5736;609;13924;1244;1212;1200;12;3657;44
Bocaina;3506805;318350;61;5749;983;11250;908;950;995;13;2853;26
Bofete;3506904;141439;52;3925;547;10058;886;816;749;16;2452;60
Boituva;3507001;2095279;76;31385;5113;51147;4142;4558;4955;11;13655;48
Bom Jesus dos Perdões;3507100;364317;62;11068;2576;21104;1815;1837;1915;11;5567;13
Bom Sucesso de Itararé;3507159;43481;72;1024;278;3649;405;338;276;9;1018;
Borá;3507209;63876;84;355;60;807;71;72;68;12;212;10
Boracéia;3507308;172314;64;2230;294;4416;381;400;385;14;1167;11
Borborema;3507407;265811;64;7888;1583;14788;1079;1182;1264;16;3524;55
Borebi;3507456;45604;70;794;148;2381;220;220;194;12;634;15
Botucatu;3507506;3593568;75;80198;15725;131707;10152;10812;11536;14;32500;154
Bragança Paulista;3507605;4097422;79;100895;28020;152268;12203;12786;13278;14;38266;101
Braúna;3507704;61271;65;2150;338;5186;394;436;472;17;1303;20
Brejo Alegre;3507753;151363;81;1138;159;2634;219;212;215;14;646;8
Brodowski;3507803;375142;55;11618;1808;22018;1888;1949;1897;13;5734;
Brotas;3507902;507669;68;12566;1890;22290;1858;1897;1894;14;5649;65
Buri;3508009;253003;50;6538;1516;18859;1790;1591;1448;11;4829;33
Buritama;3508108;401014;70;8521;2679;15789;1174;1271;1302;15;3747;26
Buritizal;3508207;134933;39;2270;397;4132;300;327;354;16;981;13
Cabrália Paulista;3508306;93122;113;1783;325;4341;396;377;338;13;1111;16
Cabreúva;3508405;2257685;77;21230;4338;43914;3963;4066;4170;9;12199;48
Caçapava;3508504;3337044;73;43949;9112;86845;6933;7116;7454;13;21503;71
Cachoeira Paulista;3508603;401843;75;12299;2664;30754;2433;2507;2589;14;7528;42
Caconde;3508702;219137;62;7825;1150;18626;1671;1517;1355;16;4544;19
Cafelândia;3508801;299697;74;7694;1397;16802;1335;1360;1352;16;4047;31
Caiabu;3508900;48244;77;1559;286;4085;330;353;324;16;1007;9
Caieiras;3509007;2583454;80;34895;5162;90692;7923;8019;8119;9;24061;24
Caiuá;3509106;64857;55;1370;335;5207;451;444;400;15;1295;18
Cajamar;3509205;7330483;77;29646;4375;68143;6044;6351;6685;8;19080;25
Cajati;3509254;941261;65;9805;3181;28464;2811;2393;2138;11;7342;42
Cajobi;3509304;103289;63;4296;511;9878;761;868;902;15;2530;12
Cajuru;3509403;388651;66;11642;1799;24056;2118;2146;2039;13;6302;57
Campina do Monte Alegre;3509452;90705;79;1849;380;5639;492;465;455;14;1411;15
Campinas;3509502;48656923;75;792448;114581;1111795;81342;91688;102712;13;275742;227
Campo Limpo Paulista;3509601;1411456;80;34893;7240;76733;6462;6739;6907;11;20108;12
Campos do Jordão;3509700;845340;67;26332;6197;48496;4337;4176;4039;10;12552;18
Campos Novos Paulista;3509809;95519;54;1593;353;4620;393;353;344;15;1090;14
Cananéia;3509908;514241;67;2568;765;12221;1162;978;856;14;2996;62
Canas;3509957;78548;58;1250;265;4589;416;412;409;10;1237;14
Cândido Mota;3510005;598565;77;15485;3432;29930;2367;2487;2432;15;7286;53
Cândido Rodrigues;3510104;58687;78;1474;215;2672;171;214;219;20;603;8
Canitar;3510153;108051;61;1283;175;4547;427;380;386;10;1193;9
Capão Bonito;3510203;582915;71;18651;5480;46163;4263;3898;3580;13;11741;120
Capela do Alto;3510302;194676;61;8374;2255;18397;1685;1678;1622;11;4984;46
Capivari;3510401;1410943;65;28957;5578;50257;4151;4438;4538;11;13126;54
Caraguatatuba;3510500;2205900;76;48303;14344;105573;8978;8874;8934;12;26786;56
Carapicuíba;3510609;3862899;74;154794;31080;377579;31645;31984;34294;9;97923;9
Cardoso;3510708;148440;68;5443;964;11782;867;906;900;18;2672;30
Casa Branca;3510807;496229;75;14710;3817;28657;2179;2498;2590;15;7266;93
Cássia dos Coqueiros;3510906;77256;73;1092;129;2587;224;209;183;17;615;7
Castilho;3511003;407096;60;6670;1683;18827;1588;1600;1503;14;4691;47
Catanduva;3511102;3089977;86;91356;27240;114256;8141;9011;9692;16;26843;56
Catiguá;3511201;97086;72;2983;441;7255;534;587;641;13;1762;29
Cedral;3511300;196836;60;4470;805;8240;580;622;665;18;1867;23
Cerqueira César;3511409;414634;78;8707;1462;18035;1541;1592;1475;14;4607;58
Cerquilho;3511508;1387438;73;24062;5073;41776;3257;3558;3890;13;10704;23
Cesário Lange;3511607;253797;67;8256;1807;16104;1282;1400;1540;13;4221;39
Charqueada;3511706;260460;64;7672;1158;15646;1324;1439;1465;12;4227;24
Chavantes;3557204;151983;55;4462;609;12147;1021;953;938;15;2911;16
Clementina;3511904;155990;67;3902;779;7458;570;744;819;11;2132;25
Colina;3512001;667155;69;9408;2486;17453;1398;1493;1528;14;4419;57
Colômbia;3512100;224603;75;2527;454;6012;525;535;515;12;1576;26
Conchal;3512209;430839;67;13245;2972;25850;2312;2428;2438;11;7177;35
Conchas;3512308;253294;71;8083;1380;16539;1302;1282;1282;15;3866;21
Cordeirópolis;3512407;1488016;66;13237;2455;22097;1757;1910;2045;12;5712;37
Coroados;3512506;104107;61;2174;514;5460;436;469;466;14;1370;16
Coronel Macedo;3512605;51758;64;1195;225;4941;442;389;349;15;1181;28
Corumbataí;3512704;87379;73;2198;366;3901;339;322;323;14;984;24
Cosmópolis;3512803;1040479;64;32955;7968;62606;5093;5542;5955;10;16591;24
Cosmorama;3512902;220499;72;4220;902;7146;489;494;547;21;1530;29
Cotia;3513009;8612050;83;111793;17132;215010;18432;18295;19184;9;55911;42
Cravinhos;3513108;803607;63;17790;3212;32525;2725;2832;2915;12;8472;51
Cristais Paulista;3513207;131147;71;2953;517;7847;666;697;694;13;2057;31
Cruzália;3513306;46754;75;1124;198;2223;171;174;162;16;506;7
Cruzeiro;3513405;1749797;79;33648;8254;77944;6245;6311;6384;14;18939;59
Cubatão;3513504;7693582;66;48425;10998;121852;10243;10568;11183;9;31994;71
Cunha;3513603;144399;60;8907;3100;21773;1971;1804;1570;15;5344;52
Descalvado;3513702;947808;70;19089;4326;31488;2407;2603;2760;15;7770;37
Diadema;3513801;12302667;84;170601;38657;391996;32715;34584;37139;9;104438;16
Dirce Reis;3513850;36447;74;747;206;1700;117;138;124;20;378;
Divinolândia;3513900;173494;67;6213;880;11099;860;910;861;17;2631;27
Dobrada;3514007;69694;63;2835;615;8226;718;776;846;10;2340;12
Dois Córregos;3514106;510823;65;13544;2524;25414;2000;2131;2224;14;6355;42
Dolcinópolis;3514205;27963;80;1242;206;2080;152;156;132;20;441;7
Dourado;3514304;243705;74;4400;604;8568;636;697;696;17;2029;27
Dracena;3514403;895040;81;29242;7699;43833;3031;3546;3555;18;10131;62
Duartina;3514502;161200;75;5928;1094;12171;908;965;927;18;2800;47
Dumont;3514601;138169;63;3562;442;8615;712;809;888;11;2410;14
Echaporã;3514700;96950;70;2272;302;6286;538;518;473;17;1528;39
Eldorado;3514809;188929;68;3545;1118;14758;1576;1234;1023;13;3833;71
Elias Fausto;3514908;453836;68;5864;1330;16264;1399;1455;1533;11;4386;24
Elisiário;3514924;48780;74;1261;241;3239;241;276;306;15;823;
Embaúba;3514957;38361;71;1032;102;2414;165;186;213;16;563;
Embu das Artes;3515004;6010806;73;88063;18765;249487;22421;21968;22720;8;67109;23
Embu-Guaçu;3515103;784875;84;28994;4932;64337;5905;5537;5441;11;16882;41
Emilianópolis;3515129;41338;58;1236;304;3039;227;250;229;18;706;
Engenheiro Coelho;3515152;339377;86;7065;1894;17230;1510;1715;1956;8;5181;29
Espírito Santo do Pinhal;3515186;1035731;71;24093;5580;42131;3267;3388;3440;15;10095;51
Espírito Santo do Turvo;3515194;79013;70;1892;202;4406;390;410;399;11;1199;15
Estiva Gerbi;3557303;208016;72;5272;1351;10358;870;921;944;11;2735;5
Estrela do Norte;3515301;44129;73;874;87;2656;239;247;209;13;695;24
Estrela d'Oeste;3515202;353662;63;4960;1034;8177;567;613;663;17;1843;21
Euclides da Cunha Paulista;3515350;79686;72;3185;1000;9539;913;822;706;13;2442;35
Fartura;3515400;228835;76;6932;1209;15404;1259;1250;1209;16;3717;37
Fernando Prestes;3515608;113291;70;2966;404;5549;372;415;438;20;1226;21
Fernandópolis;3515509;1382223;83;47888;14936;65189;4684;5036;5191;17;14910;65
Fernão;3515657;31241;72;601;118;1587;124;122;125;17;371;
Ferraz de Vasconcelos;3515707;2456288;72;53003;7752;175619;16589;16344;16133;8;49066;
Flora Rica;3515806;27645;66;671;125;1695;150;133;110;21;392;12
Floreal;3515905;52751;69;1696;289;2958;198;217;205;23;620;18
Flórida Paulista;3516002;164302;62;5116;579;12601;915;1174;1295;15;3383;21
Florínia;3516101;74930;80;1105;244;2783;223;214;197;17;635;
Franca;3516200;6614144;81;212457;57847;326012;26750;27870;27996;13;82616;120
Francisco Morato;3516309;1096464;77;34306;7101;160125;15660;14932;14609;8;45201;2
Franco da Rocha;3516408;2048211;82;41048;7696;137804;12100;13625;13868;9;39593;43
Gabriel Monteiro;3516507;47573;52;1482;328;2704;175;191;206;19;572;3
Gália;3516606;92423;58;2699;483;6848;534;528;515;18;1577;46
Garça;3516705;844892;86;23539;6302;42909;3349;3444;3426;16;10219;56
Gastão Vidigal;3516804;45046;70;1816;394;4379;278;397;542;14;1217;11
Gavião Peixoto;3516853;85785;72;1492;138;4476;376;416;422;11;1215;10
General Salgado;3516903;231090;75;6098;973;10678;772;858;863;17;2492;34
Getulina;3517000;152704;61;3776;608;10783;817;962;1120;14;2899;21
Glicério;3517109;73756;51;1697;376;4623;389;359;341;15;1089;14
Guaiçara;3517208;140602;54;4403;1115;11059;928;969;987;12;2883;22
Guaimbê;3517307;56259;65;1850;234;5449;471;455;442;15;1368;11
Guaíra;3517406;1276831;75;22780;5594;37940;2900;2994;3240;13;9135;72
Guapiaçu;3517505;291839;51;9277;2221;18809;1384;1596;1724;14;4704;23
Guapiara;3517604;303195;75;4188;1115;17830;1746;1484;1230;13;4459;47
Guará;3517703;369483;53;7473;1320;20133;1709;1674;1689;12;5071;39
Guaraçaí;3517802;172174;58;4519;1029;8439;603;611;620;18;1833;19
Guaraci;3517901;214481;65;3901;694;10280;831;922;951;14;2704;19
Guarani d'Oeste;3518008;22711;60;841;195;1956;142;149;150;18;440;9
Guarantã;3518107;105531;49;2372;472;6423;571;548;544;13;1662;62
Guararapes;3518206;681523;76;17456;5214;31091;2304;2469;2555;16;7328;30
Guararema;3518305;1319806;79;13258;2549;26887;2362;2309;2293;12;6964;45
Guaratinguetá;3518404;3616781;78;58043;13486;114047;8912;9305;9376;14;27593;58
Guareí;3518503;176577;59;4249;1156;14903;1123;1637;1839;10;4599;15
Guariba;3518602;675025;67;16193;2820;36576;3082;3357;3607;10;10046;35
Guarujá;3518701;5866602;65;112250;46599;298203;25911;25362;25399;10;76671;38
Guarulhos;3518800;43283250;78;541793;77582;1260899;108714;110691;113779;9;333184;70
Guatapará;3518859;155983;72;2507;364;7106;622;609;590;13;1821;33
Guzolândia;3518909;49641;66;1704;229;4861;400;406;401;14;1207;19
Herculândia;3519006;163049;64;3664;645;8863;725;726;717;14;2168;46
Holambra;3519055;513162;86;7258;1537;12311;990;1046;1097;10;3133;11
Hortolândia;3519071;9064317;74;78296;14808;203794;17935;19755;19928;9;57618;22
Iacanga;3519105;275036;66;4825;871;10414;816;878;918;14;2611;44
Iacri;3519204;111594;59;2520;422;6380;471;500;496;17;1467;20
Iaras;3519253;81763;52;1259;236;6508;708;510;535;10;1753;28
Ibaté;3519303;522359;68;14187;2634;31953;2751;2989;3172;10;8912;17
Ibirá;3519402;159027;57;5218;974;11261;808;953;1048;16;2809;30
Ibirarema;3519501;145444;51;2674;589;6957;606;592;547;14;1745;15
Ibitinga;3519600;1049256;66;32852;9726;54849;4144;4730;5072;13;13945;84
Ibiúna;3519709;1075990;66;33261;7267;72766;6549;6143;6046;12;18738;42
Icém;3519808;134858;59;3558;540;7637;597;664;730;12;1991;58
Iepê;3519907;131682;74;3394;602;7711;628;621;580;16;1830;49
Igaraçu do Tietê;3520004;219232;60;10045;2151;23586;1912;2057;2082;11;6051;10
Igarapava;3520103;652952;69;11204;1503;28425;2140;2388;2586;14;7115;32
Igaratá;3520202;128334;81;4408;915;8975;776;719;691;14;2186;23
Iguape;3520301;1050789;70;7636;2147;28984;2544;2128;1874;16;6546;82
Ilha Comprida;3520426;1560831;55;3856;1171;9387;782;637;568;18;1986;
Ilha Solteira;3520442;424811;79;14970;4904;25309;1951;2062;1897;16;5911;49
Ilhabela;3520400;2479131;74;13231;5572;29839;2473;2594;2858;9;7925;43
Indaiatuba;3520509;9527731;76;149077;40259;215612;16931;18780;20384;11;56095;36
Indiana;3520608;46599;68;2461;489;4811;376;406;398;16;1179;17
Indiaporã;3520707;56232;72;2086;363;3884;259;286;290;20;836;
Inúbia Paulista;3520806;98136;74;1565;239;3711;292;302;312;15;907;9
Ipaussu;3520905;262185;102;4945;829;13907;1163;1171;1164;14;3497;30
Iperó;3521002;387147;58;7266;1547;30159;2629;3020;3120;9;8768;5
Ipeúna;3521101;346223;67;3124;492;6462;570;606;599;11;1775;35
Ipiguá;3521150;58795;73;1195;276;4700;363;387;382;16;1132;12
Iporanga;3521200;31081;66;727;172;4325;457;376;315;13;1148;39
Ipuã;3521309;261175;59;5857;1216;14666;1197;1299;1419;11;3915;33
Iracemápolis;3521408;553917;68;12751;2424;21178;1613;1834;2091;11;5538;27
Irapuã;3521507;89363;66;2955;446;7417;555;646;720;14;1921;19
Irapuru;3521606;70207;61;2624;398;7642;581;791;872;17;2244;21
Itaberá;3521705;261198;64;5653;1372;17757;1652;1462;1335;14;4448;129
Itaí;3521804;387869;59;10138;1492;24744;2015;2061;2167;11;6243;82
Itajobi;3521903;325412;67;8929;1661;14591;1014;1126;1167;19;3307;23
Itaju;3522000;54903;68;1160;141;3373;280;297;324;15;901;16
Itanhaém;3522109;1136392;73;31127;8682;90507;7757;7014;6549;16;21321;34
Itaóca;3522158;26348;81;622;230;3204;339;236;182;16;757;
Itapecerica da Serra;3522208;2663345;78;61158;11671;157677;14371;14563;14441;8;43375;53
Itapetininga;3522307;3235444;72;76219;22706;149042;12784;13530;13298;12;39611;171
Itapeva;3522406;1552970;75;46437;12265;88832;8323;7720;7221;11;23263;90
Itapevi;3522505;6988952;71;72148;15883;211379;20170;19578;19602;7;59350;31
Itapira;3522604;2434188;77;45949;14800;69579;5313;5762;5959;15;17034;70
Itapirapuã Paulista;3522653;24847;71;833;289;3955;417;341;293;12;1050;
Itápolis;3522703;1080913;69;26013;5085;40511;3026;3320;3461;16;9808;51
Itaporanga;3522802;139194;65;5596;1267;14580;1203;1101;1084;15;3388;33
Itapuí;3522901;388859;54;5350;1102;12664;1022;1105;1145;13;3271;13
Itapura;3523008;68671;56;1122;244;4523;393;398;366;14;1158;24
Itaquaquecetuba;3523107;4320719;68;87351;15965;335891;32698;31329;30453;7;94480;40
Itararé;3523206;596263;67;18594;4500;48200;4498;4190;3820;13;12508;69
Itariri;3523305;146838;45;3222;730;15995;1638;1404;1223;12;4264;28
Itatiba;3523404;4163189;74;67097;11897;106638;8210;9082;10036;12;27328;79
Itatinga;3523503;205194;51;6686;1190;18775;1698;1727;1697;10;5122;50
Itirapina;3523602;312410;60;6640;1326;16016;1291;2017;1878;11;5186;48
Itirapuã;3523701;60742;58;2089;341;6020;556;522;472;14;1550;14
Itobi;3523800;76163;50;3154;829;7565;613;668;682;14;1963;6
Itu;3523909;6211762;77;102301;22230;158924;12885;13483;14167;12;40535;124
Itupeva;3524006;2854726;72;25953;4652;49108;4027;4365;4846;9;13238;21
Ituverava;3524105;866857;73;21710;5592;39193;3057;3119;3270;15;9446;50
Jaborandi;3524204;108830;53;2764;812;6622;507;586;613;14;1706;14
Jaboticabal;3524303;1989387;79;47836;12811;72493;5481;5965;6269;15;17715;109
Jacareí;3524402;7892663;77;110368;19818;216418;17254;17237;17798;12;52290;127
Jaci;3524501;291411;69;3122;652;6056;478;522;582;11;1582;12
Jacupiranga;3524600;284360;62;6460;1615;17179;1632;1416;1249;13;4296;62
Jaguariúna;3524709;5033582;73;31836;8418;47795;3732;4140;4596;11;12468;30
Jales;3524808;925297;89;36769;12549;47102;3334;3533;3673;17;10540;70
Jambeiro;3524907;253795;60;1988;287;5634;477;485;491;13;1453;31
Jandira;3525003;2456708;68;44354;8896;112860;9991;10283;10948;8;31222;9
Jardinópolis;3525102;681421;62;18264;3794;39306;3336;3454;3471;12;10262;81
Jarinu;3525201;875799;79;13245;3011;25653;2211;2249;2274;12;6734;24
Jaú;3525300;3273346;72;88649;23331;136178;10165;11125;12099;14;33389;108
Jeriquara;3525409;58518;66;1170;162;3153;283;275;263;12;821;12
Joanópolis;3525508;135602;56;7432;2028;12051;906;1023;1032;16;2961;27
João Ramalho;3525607;110755;56;1425;247;4219;372;390;362;11;1123;13
José Bonifácio;3525706;841301;72;22369;6825;33733;2677;2949;3042;14;8668;82
Júlio Mesquita;3525805;36142;73;1229;128;4486;416;386;351;15;1153;11
Jumirim;3525854;58962;56;1322;164;2959;240;288;301;12;830;11
Jundiaí;3525904;30239652;90;275050;45751;382279;26645;29718;33561;14;89924;134
Junqueirópolis;3526001;374090;75;9709;2125;19123;1337;1665;1715;17;4717;14
Juquiá;3526100;234934;70;5614;1323;19057;1905;1485;1298;14;4687;68
Juquitiba;3526209;363062;74;11522;2051;29193;2782;2442;2280;11;7504;40
Lagoinha;3526308;42709;78;2831;1023;4828;421;385;316;19;1122;24
Laranjal Paulista;3526407;657350;59;13617;2458;26032;2035;2139;2252;15;6427;20
Lavínia;3526506;116774;71;2060;482;8666;435;1040;1575;10;3050;24
Lavrinhas;3526605;90842;62;2270;508;6762;630;589;586;10;1805;31
Leme;3526704;2086708;74;56726;17408;94552;7836;8468;8928;12;25233;22
Lençóis Paulista;3526803;1912196;76;37486;8295;62939;5158;5339;5613;12;16110;71
Limeira;3526902;9538001;82;178732;39125;282367;21803;23371;24936;13;70110;110
Lindóia;3527009;98651;48;3871;865;7043;546;579;605;14;1730;18
Lins;3527108;2693187;77;49207;13414;72626;5599;5787;6196;15;17582;63
Lorena;3527207;1606040;68;37436;9562;83782;6774;6978;7044;14;20796;36
Lourdes;3527256;29641;78;874;203;2148;157;167;167;18;492;
Louveira;3527306;7870072;65;21875;5371;40686;3182;3960;4665;8;11807;25
Lucélia;3527405;312818;57;9914;2166;20238;1489;1657;1742;16;4888;12
Lucianópolis;3527504;29623;76;876;107;2249;190;163;172;17;525;18
Luís Antônio;3527603;1029797;53;5226;624;12223;1160;1198;1208;8;3567;43
Luiziânia;3527702;50318;54;1640;382;5244;413;480;535;14;1428;6
Lupércio;3527801;44118;58;1460;254;4372;389;355;346;15;1089;20
Lutécia;3527900;59369;82;978;130;2682;218;223;212;16;653;19
Macatuba;3528007;308137;67;8291;1482;16465;1382;1387;1398;12;4168;21
Macaubal;3528106;118214;66;4164;844;7702;524;578;609;19;1711;8
Macedônia;3528205;52042;70;1568;361;3636;266;265;255;19;786;22
Magda;3528304;64332;72;1768;207;3167;222;230;228;20;680;13
Mairinque;3528403;1436553;75;21238;4048;44184;3794;3674;3665;11;11133;12
Mairiporã;3528502;1319828;66;41478;7589;86273;7774;7452;7173;11;22399;67
Manduri;3528601;107810;56;4866;778;9160;723;748;740;15;2212;15
Marabá Paulista;3528700;112032;61;1290;266;4841;332;726;601;11;1659;29
Maracaí;3528809;384666;75;7033;1684;13395;1053;1107;1137;14;3296;49
Marapoama;3528858;115769;61;1835;358;2719;199;216;241;16;656;
Mariápolis;3528908;43975;56;1282;270;3935;306;340;349;16;995;9
Marília;3529005;5775864;87;134392;36723;221361;16932;18217;18875;15;54024;143
Marinópolis;3529104;23023;72;949;186;2106;172;163;143;15;478;9
Martinópolis;3529203;359424;72;10522;2155;24655;1942;2191;2223;15;6355;86
Matão;3529302;2782952;84;54241;13889;77847;6005;6591;6923;13;19518;74
Mauá;3529401;10052150;72;178541;31199;430428;36456;39108;41387;9;116952;6
Mendonça;3529500;156120;69;2353;376;4769;364;403;435;17;1203;26
Meridiano;3529609;161596;82;2483;416;3821;278;284;297;17;859;13
Mesópolis;3529658;43356;60;767;176;1887;160;145;125;17;430;
Miguelópolis;3529708;581067;61;9125;2064;20756;1690;1727;1776;12;5193;65
Mineiros do Tietê;3529807;125631;67;5347;681;12206;1035;1010;1011;13;3056;12
Mira Estrela;3530003;35552;65;1338;203;2856;220;217;192;19;629;3
Miracatu;3529906;362987;66;6316;1634;20271;2005;1611;1389;13;5005;85
Mirandópolis;3530102;473818;78;14481;3799;27860;1782;2186;2647;16;6615;30
Mirante do Paranapanema;3530201;265179;70;6353;1576;17278;1452;1377;1257;16;4086;99
Mirassol;3530300;1258775;81;34677;9349;55046;3989;4401;4616;15;13006;36
Mirassolândia;3530409;63410;60;1692;395;4415;342;345;352;17;1039;2
Mococa;3530508;1398834;78;35853;9640;66419;5161;5414;5488;15;16064;125
Mogi das Cruzes;3530607;11388040;78;192787;27735;401236;33942;33785;34541;11;102268;148
Mogi Guaçu;3530706;4373959;77;91006;27050;140658;11110;11831;12385;13;35326;
Moji Mirim;3530805;5079496;77;61198;16648;87785;6667;7046;7336;14;21049;
Mombuca;3530904;53217;71;1392;239;3286;292;284;277;12;853;2
Monções;3531001;62442;86;1440;217;2148;128;146;165;20;439;11
Mongaguá;3531100;599650;81;15975;3689;48798;4088;3937;3848;15;11873;17
Monte Alegre do Sul;3531209;151303;73;4926;1378;7345;543;587;593;16;1723;6
Monte Alto;3531308;1278238;72;34246;12435;47235;3477;3725;3992;16;11193;40
Monte Aprazível;3531407;512943;77;13556;2605;22337;1499;1781;1963;16;5244;61
Monte Azul Paulista;3531506;323264;62;10746;2397;18707;1480;1573;1585;15;4638;23
Monte Castelo;3531605;66769;66;1740;348;4036;309;302;290;20;901;20
Monte Mor;3531803;2513665;73;21217;4043;52066;4625;4727;4787;10;14139;21
Monteiro Lobato;3531704;44520;71;2679;549;4224;367;328;298;16;994;33
Morro Agudo;3531902;897117;58;14144;3745;30083;2518;2721;2949;10;8189;42
Morungaba;3532009;379634;67;7586;1267;12216;1004;1046;1090;13;3141;10
Motuca;3532058;67766;67;1909;288;4395;355;388;383;12;1127;
Murutinga do Sul;3532108;48656;64;1773;380;4217;311;294;278;20;884;16
Nantes;3532157;61035;77;799;84;2817;255;248;235;11;739;14
Narandiba;3532207;152614;71;1643;285;4449;403;409;362;11;1175;3
Natividade da Serra;3532306;53049;68;2017;499;6680;560;476;440;19;1477;23
Nazaré Paulista;3532405;253805;67;9072;2205;17023;1443;1449;1428;15;4321;48
Neves Paulista;3532504;148386;70;4545;820;8738;552;629;707;20;1888;18
Nhandeara;3532603;226527;81;5871;1061;10763;689;801;854;20;2343;67
Nipoã;3532702;74892;54;2238;423;4497;340;413;451;12;1204;
Nova Aliança;3532801;81613;60;2799;447;6061;462;479;501;17;1441;22
Nova Campina;3532827;297613;57;1516;442;8839;982;822;726;8;2530;
Nova Canaã Paulista;3532843;25749;81;812;129;2059;140;127;116;23;383;2
Nova Castilho;3532868;30117;62;521;75;1142;102;88;80;16;270;
Nova Europa;3532900;234034;65;4145;433;9735;786;852;912;12;2550;18
Nova Granada;3533007;266657;79;10444;2808;19707;1545;1664;1770;14;4979;38
Nova Guataporanga;3533106;21663;69;961;178;2182;165;158;157;20;480;8
Nova Independência;3533205;71981;86;1220;187;3276;277;292;295;11;863;24
Nova Luzitânia;3533304;32864;72;1339;237;3637;266;295;354;13;915;7
Nova Odessa;3533403;2037303;84;34815;7935;53375;4165;4492;4811;12;13468;13
Novais;3533254;46801;58;1737;349;4881;409;510;532;11;1451;
Novo Horizonte;3533502;710104;72;23014;5925;37318;2769;3024;3155;15;8948;57
Nuporanga;3533601;352250;62;3228;332;6958;545;603;611;14;1758;7
Ocauçu;3533700;64147;56;1804;314;4156;329;343;332;16;1005;30
Óleo;3533809;48646;63;1030;137;2621;216;189;163;20;567;3
Olímpia;3533908;1389101;79;30669;7511;50809;3677;4142;4456;16;12275;76
Onda Verde;3534005;157628;73;1612;224;3987;329;347;342;13;1018;12
Oriente;3534104;73306;63;2536;399;6147;468;503;515;16;1485;12
Orindiúva;3534203;310987;70;3074;364;6045;497;556;614;9;1667;16
Orlândia;3534302;1301237;82;28321;8694;40558;3193;3423;3599;13;10215;36
Osasco;3534401;50815170;87;361047;60432;670466;53530;56517;61120;11;171167;41
Oscar Bressane;3534500;49217;70;1111;151;2529;170;194;181;22;545;20
Osvaldo Cruz;3534609;727034;81;19468;4644;31040;2278;2894;2442;18;7614;43
Ourinhos;3534708;2295423;74;61811;18617;105307;8275;8572;8589;14;25436;70
Ouro Verde;3534807;87347;67;2852;632;7939;652;672;654;14;1978;2
Ouroeste;3534757;258249;74;4283;893;8827;706;771;789;14;2265;37
Pacaembu;3534906;138665;72;5600;784;13171;798;1305;1526;16;3629;14
Palestina;3535002;234137;66;5055;612;11409;821;943;1022;17;2786;25
Palmares Paulista;3535101;91506;63;3280;597;11562;968;1191;1372;8;3531;16
Palmeira d'Oeste;3535200;123612;76;5622;1030;9426;681;659;612;20;1952;15
Palmital;3535309;452597;74;11927;2476;21316;1599;1584;1575;18;4757;54
Panorama;3535408;214772;62;7312;2267;14767;1281;1270;1210;13;3762;16
Paraguaçu Paulista;3535507;859178;81;23299;6174;42857;3479;3601;3743;14;10823;121
Paraibuna;3535606;232074;56;7749;1646;17639;1541;1510;1396;14;4448;85
Paraíso;3535705;163874;68;3319;357;6017;464;473;518;15;1455;14
Paranapanema;3535804;321928;65;7434;1182;18433;1719;1585;1537;11;4841;88
Paranapuã;3535903;54354;64;1963;423;3841;313;292;274;17;879;7
Parapuã;3536000;226395;62;4722;867;10736;801;833;806;18;2440;52
Pardinho;3536109;179472;66;2990;389;5819;516;499;458;13;1472;25
Pariquera-Açu;3536208;339089;76;6825;2095;18689;1718;1559;1457;13;4733;55
Parisi;3536257;26441;78;1047;282;2041;138;155;171;18;464;
Patrocínio Paulista;3536307;544165;61;5527;782;13440;1130;1157;1122;13;3409;16
Paulicéia;3536406;172574;66;3665;954;6583;580;585;568;12;1733;7
Paulínia;3536505;11609645;70;60402;9371;89534;7056;7654;8234;9;22944;30
Paulistânia;3536570;23102;64;548;92;1778;153;142;138;16;433;31
Paulo de Faria;3536604;164186;63;3086;362;8559;694;706;716;15;2117;39
Pederneiras;3536703;1638290;69;24917;7169;42734;3733;3748;3666;12;11147;66
Pedra Bela;3536802;53593;62;2942;840;5838;487;467;454;16;1409;11
Pedranópolis;3536901;37929;67;1373;332;2511;172;164;170;20;506;8
Pedregulho;3537008;645001;61;7097;1075;15877;1338;1412;1387;13;4136;49
Pedreira;3537107;897182;71;27882;10812;43131;3239;3631;4003;13;10873;13
Pedrinhas Paulista;3537156;62252;65;1696;319;2962;247;242;221;15;710;12
Pedro de Toledo;3537206;105045;55;2406;545;10422;979;808;702;15;2489;11
Penápolis;3537305;1112729;75;40662;14415;59231;4470;4668;4711;16;13849;91
Pereira Barreto;3537404;487046;69;13046;3755;25103;1982;2038;1901;16;5921;91
Pereiras;3537503;120526;56;3238;587;7752;631;670;688;15;1990;29
Peruíbe;3537602;1073576;79;26180;7311;61652;5361;4707;4295;16;14363;15
Piacatu;3537701;67509;69;2286;492;5470;438;482;467;16;1387;9
Piedade;3537800;822308;71;26245;7379;52518;4586;4348;4206;14;13140;92
Pilar do Sul;3537909;343648;71;15980;3888;26956;2412;2345;2198;13;6956;65
Pindamonhangaba;3538006;5087052;71;72895;16636;152218;12867;12989;13487;11;39343;90
Pindorama;3538105;236097;52;6796;1406;15446;1118;1265;1376;16;3760;20
Pinhalzinho;3538204;174328;60;6749;1355;13607;1089;1113;1098;17;3300;21
Piquerobi;3538303;45270;60;1297;254;3535;281;289;261;17;830;22
Piquete;3538501;113299;58;4895;954;13945;1087;1138;1057;16;3282;25
Piracaia;3538600;323968;68;13869;4057;25455;2149;2086;2016;14;6251;35
Piracicaba;3538709;17124369;81;256644;52196;372518;28330;30291;33211;14;91833;174
Piraju;3538808;466498;73;15689;3307;28525;2297;2282;2192;16;6771;97
Pirajuí;3538907;272007;77;9706;2251;22930;1639;2465;2492;14;6596;72
Pirangi;3539004;165365;81;6127;963;10692;784;833;889;17;2505;37
Pirapora do Bom Jesus;3539103;404590;56;5414;1234;16615;1682;1542;1451;8;4675;18
Pirapozinho;3539202;556284;74;12199;3169;25445;2119;2203;2086;14;6408;53
Pirassununga;3539301;1895599;76;47830;11913;71215;5391;5668;5999;15;17058;96
Piratininga;3539400;134571;74;6395;1045;12413;960;964;1032;16;2956;47
Pitangueiras;3539509;682582;67;15940;4282;36288;3198;3265;3401;10;9864;34
Planalto;3539608;183817;64;1991;418;4679;362;399;415;11;1176;5
Platina;3539707;55250;65;1080;241;3283;272;253;250;14;775;9
Poá;3539806;3997500;97;42015;6363;108963;9505;9417;9530;10;28452;7
Poloni;3539905;97642;70;2981;447;5477;361;451;507;19;1319;23
Pompéia;3540002;926756;75;10943;2256;20366;1538;1579;1737;15;4855;15
Pongaí;3540101;49737;73;1816;216;3430;239;260;270;19;769;27
Pontal;3540200;771337;61;15773;3103;43178;3627;4203;4720;8;12549;16
Pontalinda;3540259;49327;56;1277;345;4203;329;379;403;13;1111;15
Pontes Gestal;3540309;129011;64;1378;176;2519;198;194;198;18;590;9
Populina;3540408;69973;74;1857;351;4150;310;319;304;19;933;17
Porangaba;3540507;110265;56;3518;656;8629;696;686;636;18;2018;45
Porto Feliz;3540606;1147838;78;26025;5612;49742;4073;4180;4355;13;12607;68
Porto Ferreira;3540705;1408584;66;33778;10332;52259;3959;4281;4527;14;12766;50
Potim;3540754;136658;45;4445;1441;19758;1614;2252;2470;8;6336;
Potirendaba;3540804;384098;65;9826;1878;15823;1074;1302;1448;16;3824;14
Pracinha;3540853;19456;63;488;108;2863;210;630;408;9;1248;
Pradópolis;3540903;511983;61;7576;1252;18488;1455;1701;1927;10;5083;36
Praia Grande;3541000;4353703;67;105104;32842;278799;22999;22596;23322;13;68917;38
Pratânia;3541059;79775;82;2176;263;4758;446;444;429;10;1319;33
Presidente Alves;3541109;53003;72;1595;272;4087;318;333;337;16;988;9
Presidente Bernardes;3541208;174193;68;6685;1415;13631;1017;1084;1046;19;3147;32
Presidente Epitácio;3541307;756881;74;22739;7673;41622;3407;3395;3368;13;10169;14
Presidente Prudente;3541406;5675014;78;139129;34367;211815;15794;17050;17568;15;50413;58
Presidente Venceslau;3541505;537921;77;22909;7105;37956;2735;2933;3108;16;8777;71
Promissão;3541604;1572945;68;19660;5405;36868;2973;3128;3095;14;9196;62
Quadra;3541653;69367;75;1060;320;3380;271;257;254;15;782;11
Quatá;3541703;317530;73;5793;898;13140;1094;1118;1084;13;3296;15
Queiroz;3541802;193015;72;790;131;2946;267;249;256;12;772;11
Queluz;3541901;154462;51;2919;612;11738;952;1014;1068;11;3034;45
Quintana;3542008;102158;72;2231;288;6154;485;511;531;15;1527;12
Rafard;3542107;219574;78;4832;963;8707;667;714;769;13;2150;24
Rancharia;3542206;767788;84;14538;3325;28803;2304;2343;2253;15;6900;139
Redenção da Serra;3542305;37926;65;1623;393;3858;342;291;254;16;887;24
Regente Feijó;3542404;483466;71;9182;1629;18798;1461;1498;1523;15;4481;55
Reginópolis;3542503;82038;45;2492;419;7273;693;1514;782;12;2989;14
Registro;3542602;1177764;87;26067;7834;54121;4821;4309;4094;13;13224;42
Restinga;3542701;116778;66;2404;643;6853;619;617;607;10;1843;32
Ribeira;3542800;27517;83;596;188;3312;307;249;205;17;760;22
Ribeirão Bonito;3542909;201087;65;5521;939;12375;1017;1067;1079;13;3163;21
Ribeirão Branco;3543006;257486;61;2935;1027;17978;1942;1596;1364;11;4902;52
Ribeirão Corrente;3543105;71300;74;1755;397;4391;399;385;377;12;1162;12
Ribeirão do Sul;3543204;73268;76;2082;478;4413;360;330;313;17;1004;13
Ribeirão dos Índios;3543238;28078;68;917;313;2171;166;144;149;20;459;
Ribeirão Grande;3543253;225780;78;2222;771;7448;667;610;587;14;1863;12
Ribeirão Pires;3543303;2243640;80;60832;6446;114984;8921;9352;10022;12;28295;59
Ribeirão Preto;3543402;22651276;76;455139;119507;629795;46359;53762;60319;14;160440;203
Rifaina;3543600;51490;72;1651;206;3444;264;256;257;16;776;9
Rincão;3543709;150944;73;4257;648;10433;896;875;867;13;2638;37
Rinópolis;3543808;143786;58;4916;868;9864;705;797;803;19;2304;25
Rio Claro;3543907;7121744;79;139672;46445;190843;14295;15561;16934;14;46790;65
Rio das Pedras;3544004;922370;61;16113;2846;31042;2525;2774;3080;10;8379;33
Rio Grande da Serra;3544103;462227;62;14330;2240;45716;4066;4056;4224;9;12346;5
Riolândia;3544202;134230;73;2881;522;10821;779;1043;1266;11;3087;52
Riversul;3543501;39914;63;1740;554;6006;542;455;383;17;1381;30
Rosana;3544251;1030975;74;6865;1620;19234;1856;1671;1424;13;4951;60
Roseira;3544301;208116;55;4276;913;9918;825;832;862;11;2518;11
Rubiácea;3544400;54936;73;977;219;2846;232;257;256;13;745;9
Rubinéia;3544509;43109;82;1423;243;2904;212;211;199;21;622;30
Sabino;3544608;85894;57;2348;643;5297;417;426;399;18;1242;8
Sagres;3544707;30057;65;766;150;2378;207;183;167;17;558;6
Sales;3544806;80943;71;2361;372;5644;414;432;452;17;1298;26
Sales Oliveira;3544905;239856;58;5601;964;10868;856;925;938;15;2719;71
Salesópolis;3545001;150994;77;8801;1835;15984;1404;1318;1229;13;3950;29
Salmourão;3545100;56851;63;1285;249;4902;421;416;376;16;1213;12
Saltinho;3545159;149047;73;4694;491;7323;534;597;654;15;1784;7
Salto;3545209;4463025;83;59653;12457;108463;8842;9470;9783;12;28095;39
Salto de Pirapora;3545308;1143568;69;17577;3655;41384;3632;3573;3502;12;10708;37
Salto Grande;3545407;162663;57;3012;668;8872;727;665;645;16;2036;35
Sandovalina;3545506;283994;68;1398;252;3851;361;332;306;11;998;8
Santa Adélia;3545605;234184;62;9031;1337;14507;1126;1163;1218;15;3507;33
Santa Albertina;3545704;119714;67;3123;727;5711;403;448;452;20;1303;19
Santa Bárbara d'Oeste;3545803;4436561;68;119415;31538;182751;13830;15546;16615;12;45991;69
Santa Branca;3546009;228709;55;5289;855;13889;1144;1126;1079;14;3349;23
Santa Clara d'Oeste;3546108;38931;67;934;192;2065;160;165;155;19;481;10
Santa Cruz da Conceição;3546207;113113;66;2154;350;4106;322;320;341;17;983;16
Santa Cruz da Esperança;3546256;29972;64;588;34;1991;183;170;158;16;512;12
Santa Cruz das Palmeiras;3546306;336048;69;14598;2930;31086;2526;2798;3009;12;8333;36
Santa Cruz do Rio Pardo;3546405;1235983;74;26659;6736;44566;3523;3521;3544;16;10588;84
Santa Ernestina;3546504;63962;72;2421;361;5553;473;526;548;11;1547;15
Santa Fé do Sul;3546603;716432;84;19957;5416;29715;2157;2382;2443;18;6982;30
Santa Gertrudes;3546702;1219937;68;12547;3444;22978;1913;2079;2332;9;6324;23
Santa Isabel;3546801;1174903;81;22435;5254;51867;4418;4383;4405;12;13206;42
Santa Lúcia;3546900;89302;70;3384;572;8346;736;747;766;11;2248;20
Santa Maria da Serra;3547007;116389;69;2987;312;5625;474;531;548;12;1552;32
Santa Mercedes;3547106;47735;68;1147;209;2822;238;231;215;16;684;14
Santa Rita do Passa Quatro;3547502;529504;67;15676;3015;26454;1815;1945;1997;20;5757;85
Santa Rita d'Oeste;3547403;38661;81;1218;256;2503;166;181;172;23;519;4
Santa Rosa de Viterbo;3547601;659909;74;12862;2039;24390;1972;2064;2102;15;6137;38
Santa Salete;3547650;18611;81;849;170;1446;101;101;103;21;305;8
Santana da Ponte Pensa;3547205;22335;84;869;138;1597;93;106;106;25;306;9
Santana de Parnaíba;3547304;6326301;76;65015;9503;117640;10484;10547;10561;9;31592;23
Santo Anastácio;3547700;278926;73;11138;3194;20347;1614;1602;1503;17;4719;20
Santo André;3547809;23917939;85;467916;65268;681792;48403;53560;58876;15;160839;17
Santo Antônio da Alegria;3547908;124302;63;2475;246;6405;508;545;553;17;1606;25
Santo Antônio de Posse;3548005;531793;57;11577;2764;21323;1797;1852;1942;12;5591;26
Santo Antônio do Aracanguá;3548054;190520;67;3162;506;7823;636;654;654;13;1943;
Santo Antônio do Jardim;3548104;101801;86;2946;427;5899;443;444;460;16;1347;12
Santo Antônio do Pinhal;3548203;68864;75;3190;746;6524;586;543;501;13;1629;48
Santo Expedito;3548302;24832;79;991;169;2854;226;231;200;18;657;19
Santópolis do Aguapeí;3548401;50724;66;1440;226;4397;357;405;431;13;1193;23
Santos;3548500;16972840;78;259281;67768;421926;27120;29665;32258;20;89042;57
São Bento do Sapucaí;3548609;135137;75;4399;996;10476;865;802;724;16;2391;26
São Bernardo do Campo;3548708;46137870;82;516196;69056;780617;59336;64768;70275;12;194378;175
São Caetano do Sul;3548807;14537139;128;131446;12895;150014;8965;10212;11683;20;30860;
São Carlos;3548906;8273251;81;149735;30168;228526;16758;18588;20474;14;55820;137
São Francisco;3549003;29657;65;1294;294;2759;211;203;181;20;595;7
São João da Boa Vista;3549102;2164018;82;57202;14870;84834;6135;6568;6963;16;19665;69
São João das Duas Pontes;3549201;27073;71;968;138;2537;218;190;177;17;584;5
São João de Iracema;3549250;33029;69;735;159;1803;148;157;133;17;438;
São João do Pau d'Alho;3549300;33368;84;1093;182;2064;160;148;132;23;439;4
São Joaquim da Barra;3549409;1183059;78;29754;9020;47691;3616;3924;4289;13;11829;39
São José da Bela Vista;3549508;103588;59;2125;375;8495;770;751;727;12;2248;23
São José do Barreiro;3549607;37045;63;1124;216;4072;355;314;297;15;966;67
São José do Rio Pardo;3549706;1349177;77;30504;5421;52307;4003;4424;4434;16;12861;71
São José do Rio Preto;3549805;12709750;83;326586;88148;421097;28842;33366;37443;15;99651;79
São José dos Campos;3549904;27433754;82;366479;54904;654833;52079;55152;59388;11;166619;90
São Lourenço da Serra;3549953;210659;73;6354;1006;14436;1322;1282;1243;11;3847;18
São Luís do Paraitinga;3550001;112435;68;4442;1058;10443;885;843;762;16;2490;89
São Manuel;3550100;856783;76;22785;3687;38704;3176;3166;3193;14;9535;94
São Miguel Arcanjo;3550209;438011;62;12321;2970;31589;2886;2674;2521;12;8081;98
São Paulo;3550308;540295628;78;6955351;905753;11445451;854750;921424;1028426;13;2804600;187
São Pedro;3550407;488878;59;19678;4157;32450;2619;2575;2538;17;7731;51
São Pedro do Turvo;3550506;121134;62;2741;576;7240;640;587;552;15;1779;38
São Roque;3550605;1844376;71;38687;6574;81547;6471;6603;6912;14;19986;56
São Sebastião;3550704;4654609;73;26448;7876;77969;6643;6746;7143;9;20532;163
São Sebastião da Grama;3550803;193127;59;4698;693;12029;991;991;977;15;2959;18
São Simão;3550902;319440;77;6894;837;14488;1156;1207;1212;15;3575;65
São Vicente;3551009;4074127;67;114089;44604;339972;27593;27940;28967;12;84501;24
Sarapuí;3551108;111570;69;4391;1470;9345;841;788;757;13;2386;8
Sarutaiá;3551207;35293;59;1204;171;3627;319;308;270;15;897;20
Sebastianópolis do Sul;3551306;221780;82;2446;407;3120;209;243;281;17;733;5
Serra Azul;3551405;114334;67;3070;304;11541;874;1258;1298;10;3430;18
Serra Negra;3551603;477526;59;16491;4331;26729;1911;1981;2055;18;5947;35
Serrana;3551504;537480;67;16919;3481;40572;3559;3807;3987;9;11353;36
Sertãozinho;3551702;4096067;69;74993;22200;114008;8959;9930;10913;11;29802;61
Sete Barras;3551801;212263;65;3948;1468;12827;1208;1014;872;14;3093;92
Severínia;3551900;245154;57;6507;893;15991;1388;1473;1544;11;4406;19
Silveiras;3552007;45342;58;2351;603;5913;515;487;486;15;1488;26
Socorro;3552106;541424;72;24154;8052;37361;2657;2851;2963;18;8472;34
Sorocaba;3552205;26138709;88;389036;74909;608308;48508;52029;55709;12;156246;109
Sud Mennucci;3552304;153259;74;3269;531;7527;605;625;613;13;1843;31
Sumaré;3552403;10764267;69;128036;24662;254235;20965;22614;24482;9;68062;39
Suzanápolis;3552551;100994;67;1353;226;3561;291;304;285;15;880;52
Suzano;3552502;8123405;88;101771;14191;270914;24531;23512;23404;10;71447;55
Tabapuã;3552601;196465;64;6342;1169;11541;811;932;1012;17;2755;5
Tabatinga;3552700;160282;66;7703;1140;15049;1200;1315;1437;12;3953;23
Taboão da Serra;3552809;6470055;76;104173;20353;256239;21277;21852;23828;9;66957;7
Taciba;3552908;91202;64;2253;461;5816;493;480;454;14;1427;55
Taguaí;3553005;148287;57;3410;437;11586;1016;1156;1162;11;3334;15
Taiaçu;3553104;61008;64;2475;442;5937;510;520;501;15;1532;4
Taiúva;3553203;73588;55;2719;378;6096;436;615;614;16;1666;21
Tambaú;3553302;437810;66;11975;2360;22508;1812;1877;1837;15;5526;30
Tanabi;3553401;565951;72;14045;3333;24408;1711;1884;2069;17;5664;33
Tapiraí;3553500;101652;66;2569;454;7879;790;631;558;13;1979;38
Tapiratiba;3553609;209058;58;5161;634;12688;1118;1122;992;14;3233;40
Taquaral;3553658;23028;62;993;126;2729;217;224;222;15;663;12
Taquaritinga;3553708;1016579;81;31937;6548;54112;4212;4371;4485;15;13068;108
Taquarituba;3553807;344978;76;11189;2062;22582;1942;1901;1815;13;5658;35
Taquarivaí;3553856;95722;102;1133;227;5321;541;509;477;9;1527;26
Tarabai;3553906;70224;66;2481;535;6802;599;608;582;12;1789;20
Tarumã;3553955;677954;68;5806;872;13465;1110;1203;1222;10;3536;43
Tatuí;3554003;2937909;78;66457;22183;111134;9381;9527;9742;13;28649;116
Taubaté;3554102;13902532;75;179910;46745;287514;22650;24100;25486;12;72235;98
Tejupá;3554201;49337;63;1036;144;4760;447;387;362;13;1196;10
Teodoro Sampaio;3554300;413007;69;8697;2591;21705;1912;1840;1810;11;5561;35
Terra Roxa;3554409;100017;68;3603;627;8690;699;745;768;14;2211;11
Tietê;3554508;1469234;80;22795;4580;38120;2949;3237;3473;14;9659;77
Timburi;3554607;29371;68;944;109;2616;217;195;172;18;584;18
Torre de Pedra;3554656;18016;71;966;168;2273;195;169;145;18;509;
Torrinha;3554706;142975;63;5869;711;9442;722;809;808;17;2339;31
Trabiju;3554755;30090;75;597;54;1590;151;141;128;14;420;5
Tremembé;3554805;507521;52;15231;3621;42583;3335;4121;4327;11;11782;34
Três Fronteiras;3554904;71988;67;2816;721;5465;423;408;397;20;1228;36
Tuiuti;3554953;105934;66;2497;682;6126;443;478;499;18;1420;15
Tupã;3555000;1303523;85;44309;14149;63259;4391;4690;4944;18;14025;30
Tupi Paulista;3555109;210675;83;7960;1764;14548;913;1162;1371;19;3447;46
Turiúba;3555208;32950;80;914;182;1927;129;144;134;22;406;15
Turmalina;3555307;32828;66;929;120;1924;142;148;117;23;407;26
Ubarana;3555356;268293;65;2240;401;5523;484;475;491;11;1450;23
Ubatuba;3555406;1251888;71;31375;11067;81784;7398;7014;6835;11;21247;98
Ubirajara;3555505;48917;71;1795;345;4498;367;365;381;15;1114;6
Uchoa;3555604;220125;64;4896;1035;9539;684;779;795;17;2258;32
União Paulista;3555703;35069;63;879;178;1642;128;126;139;15;393;7
Urânia;3555802;141314;62;5368;1179;8775;610;646;675;19;1931;27
Uru;3555901;21326;100;647;110;1235;84;95;106;18;285;5
Urupês;3556008;214754;87;7832;1466;12855;902;995;1055;18;2952;18
Valentim Gentil;3556107;255502;67;6479;1782;11564;889;1012;1079;13;2979;11
Valinhos;3556206;4646972;91;81536;11923;112978;8082;9032;9902;13;27015;59
Valparaíso;3556305;591540;66;9066;1589;22993;1701;2076;2568;11;6346;33
Vargem;3556354;77837;63;4486;894;9160;748;770;789;16;2308;17
Vargem Grande do Sul;3556404;606733;63;22530;5561;39955;3156;3222;3302;14;9680;46
Vargem Grande Paulista;3556453;1246862;79;22593;3231;45904;3888;3898;4102;10;11889;17
Várzea Paulista;3556503;2137000;62;52706;12468;111329;9331;10017;10653;9;30001;4
Vera Cruz;3556602;100086;83;4792;945;10684;866;865;800;17;2531;23
Vinhedo;3556701;5915416;82;54128;9006;67915;4927;5539;6335;12;16801;25
Viradouro;3556800;220791;68;9280;2348;17623;1466;1559;1592;14;4616;21
Vista Alegre do Alto;3556909;248134;58;3934;588;7235;572;693;780;12;2045;10
Vitória Brasil;3556958;19749;57;741;176;1745;129;146;148;17;423;12
Votorantim;3557006;2860760;66;54403;12828;112110;9551;9780;10190;11;29520;28
Votuporanga;3557105;1978162;85;69173;24842;86903;6122;7008;7591;16;20720;56
Zacarias;3557154;65101;67;1221;288;2406;172;180;207;16;558;
