cidade;pib;mat1517;veiculos;motos;populacao;taxa_pop1519;taxa_pop2024;taxa_pop2529;pop60p;rodovia;cluster
Adamantina;753020;95;22266;5415;33843;0,070620217;0,079071004;0,077328;19;23;2
Adolfo;67123;81;1737;315;3524;0,072360953;0,077185017;0,076334;17;4;2
Aguaí;619843;57;16229;4558;33181;0,083300684;0,088514511;0,091046;12;63;4
Águas da Prata;104041;45;3724;765;7651;0,071101817;0,078551823;0,076591;19;27;2
Águas de Lindóia;299599;60;10242;2946;17610;0,075184554;0,076149915;0,080239;16;7;2
Águas de Santa Bárbara;121546;65;2947;443;5700;0,084035088;0,075263158;0,072807;16;48;2
Águas de São Pedro;86655;129;2101;277;2834;0,070924488;0,068807339;0,063162;25;5;2
Agudos;1880838;74;16089;3791;35022;0,085546228;0,08711667;0,085775;12;48;4
Alambari;64864;74;1672;489;5150;0,090485437;0,08776699;0,09068;12;46;4
Alfredo Marcondes;53678;71;1809;340;3905;0,069910371;0,078361076;0,073496;21;11;2
Altair;89780;63;1188;117;3883;0,083955704;0,087046098;0,092712;12;17;4
Altinópolis;306746;67;7685;681;15581;0,081766254;0,081060266;0,081445;16;48;2
Alto Alegre;74194;67;2015;381;4081;0,068610635;0,076206812;0,079882;21;23;2
Alumínio;1601243;74;6107;841;17177;0,08656925;0,084706293;0,086802;10;9;4
Álvares Florence;96972;70;1589;299;3812;0,068730325;0,067156348;0,063484;23;20;2
Álvares Machado;314561;69;11243;3127;23566;0,083764746;0,084783162;0,07863;15;35;2
Álvaro de Carvalho;36947;76;998;169;4763;0,062355658;0,112324165;0,158723;10;15;4
Alvinlândia;35027;62;1059;158;3055;0,089361702;0,081178396;0,07725;14;3;4
Americana;9084739;93;149688;29994;217932;0,07119652;0,080699484;0,088454;14;28;3
Américo Brasiliense;570593;74;19021;4424;36240;0,086285872;0,0924117;0,097323;9;28;4
Américo de Campos;67507;84;2908;544;5720;0,07465035;0,074475524;0,074476;19;25;2
Amparo;3025036;84;44219;12828;67048;0,073216203;0,081195561;0,087758;15;79;3
Analândia;115428;55;1854;251;4468;0,080125336;0,084825425;0,087511;15;24;4
Andradina;1836095;78;35653;11224;55594;0,073065439;0,078047991;0,079631;16;100;3
Angatuba;656895;58;9753;2422;22886;0,085030149;0,085336013;0,081622;13;102;3
Anhembi;100219;65;1717;187;5956;0,09032908;0,082102082;0,076561;13;63;4
Anhumas;52697;63;1449;269;3807;0,086157079;0,084581035;0,080641;15;4;4
Aparecida;678021;71;18422;3874;35220;0,078960818;0,085406019;0,085974;13;22;4
Aparecida d'Oeste;64153;69;2496;492;4352;0,076056985;0,072150735;0,0625;21;14;2
Apiaí;559383;70;7829;2383;24917;0,101537103;0,085002207;0,072762;12;109;3
Araçariguama;1286073;58;7562;1363;18266;0,091700427;0,093342823;0,092795;8;25;4
Araçatuba;5376621;81;142817;52750;184468;0,071437865;0,07637639;0,081635;15;69;3
Araçoiaba da Serra;415640;71;15537;3904;28812;0,084964598;0,082535055;0,07962;14;34;4
Aramina;94136;55;2132;186;5262;0,078487267;0,085138731;0,085899;15;30;4
Arandu;72123;60;1856;394;6132;0,094096543;0,088714938;0,077462;13;13;4
Arapeí;22695;68;798;147;2481;0,088270859;0,082224909;0,072954;15;13;2
Araraquara;6805273;85;149733;36376;215021;0,071513945;0,083075607;0,089768;15;129;3
Araras;3912489;77;82493;24301;122556;0,076879141;0,085258984;0,090954;13;63;3
Arco-Íris;32850;58;689;156;1886;0,076882291;0,080063627;0,072641;19;27;2
Arealva;130229;70;3223;723;7950;0,075345912;0,076352201;0,072956;19;31;2
Areias;29902;68;1073;208;3731;0,095148754;0,084427767;0,072367;13;26;4
Areiópolis;96064;60;3881;478;10643;0,090106173;0,093770553;0,092737;9;12;4
Ariranha;478412;67;4748;596;8784;0,074681239;0,083447177;0,09301;14;5;4
Artur Nogueira;741917;63;28224;7211;46904;0,083233839;0,088990278;0,096196;11;21;4
Arujá;2630145;84;44939;5963;79305;0,089805183;0,088430742;0,088179;9;25;4
Aspásia;19979;71;846;182;1795;0,075208914;0,079665738;0,069638;19;4;2
Assis;2182422;74;63879;19868;97061;0,073376536;0,083782364;0,086987;15;88;3
Atibaia;4535623;87;90113;20855;130604;0,07997458;0,081682031;0,084438;13;90;3
Auriflama;215531;73;8483;2103;14296;0,075615557;0,08470901;0,080302;17;47;2
Avaí;181613;68;1422;223;5057;0,094917936;0,092149496;0,077121;13;29;4
Avanhandava;168590;53;4364;1133;11537;0,08321054;0,11857502;0,10644;10;21;4
Avaré;1700617;75;51002;12691;84366;0,07858616;0,085567646;0,085983;14;109;3
Bady Bassitt;249754;71;9359;1679;15182;0,079238572;0,080621789;0,0824;13;13;2
Balbinos;27586;113;548;82;3683;0,032582134;0,160195493;0,213141;7;12;4
Bálsamo;142066;72;4759;863;8279;0,069815195;0,074405121;0,078512;18;11;2
Bananal;140575;61;3211;483;10342;0,084026301;0,078321408;0,07455;15;81;3
Barão de Antonina;34989;75;815;179;3193;0,0861259;0,078609458;0,069527;16;3;2
Barbosa;82671;53;2396;644;6794;0,089785105;0,085663821;0,079188;14;13;4
Bariri;782678;69;20432;4869;32340;0,078540507;0,079962894;0,083302;16;34;2
Barra Bonita;1039622;84;24882;4833;35135;0,071808738;0,077187989;0,08066;15;16;2
Barra do Chapéu;44173;68;1348;613;5324;0,100676183;0,082832457;0,07438;12;27;4
Barra do Turvo;62325;60;1187;314;7691;0,101677285;0,078923417;0,063841;15;75;4
Barretos;3107891;73;75304;26215;114013;0,074965136;0,08292914;0,087823;15;104;3
Barrinha;318275;64;11115;2807;29648;0,087898003;0,094137885;0,101288;8;16;4
Barueri;38813092;104;143281;22195;247934;0,08657546;0,087809659;0,092303;8;32;3
Bastos;586486;70;12088;3247;20340;0,08107178;0,081268437;0,077483;14;20;2
Batatais;1338427;75;33879;6699;57643;0,078777996;0,084138577;0,08537;15;82;3
Bauru;10040995;82;236646;50557;350357;0,07499208;0,081982093;0,087163;14;138;3
Bebedouro;1919887;83;51090;16091;74829;0,078218338;0,0810381;0,082508;15;96;3
Bento de Abreu;107726;65;1188;227;2757;0,081247733;0,080522307;0,085963;13;28;4
Bernardino de Campos;147636;59;5511;811;10773;0,081128748;0,081500046;0,073146;18;24;2
Bertioga;1410546;72;17416;5364;52279;0,088448517;0,086860881;0,090572;8;83;4
Bilac;120043;61;4298;1099;7293;0,074729192;0,081173728;0,084602;17;26;2
Birigui;2301252;78;80367;33194;112678;0,074371217;0,081062852;0,086148;14;76;3
Biritiba-Mirim;470064;63;9356;1529;29680;0,090296496;0,088005391;0,08558;12;27;4
Boa Esperança do Sul;204423;55;5736;609;13924;0,089342143;0,087043953;0,086182;11;44;4
Bocaina;318350;61;5749;983;11250;0,080711111;0,084444444;0,088444;13;26;4
Bofete;141439;52;3925;547;10058;0,088089083;0,081129449;0,074468;16;60;2
Boituva;2095279;76;31385;5113;51147;0,080982267;0,089115686;0,096878;11;48;4
Bom Jesus dos Perdões;364317;62;11068;2576;21104;0,086002654;0,08704511;0,090741;11;13;4
Bom Sucesso de Itararé;43481;72;1024;278;3649;0,110989312;0,092628117;0,075637;9;27;4
Borá;63876;84;355;60;807;0,087980173;0,089219331;0,084263;12;10;4
Boracéia;172314;64;2230;294;4416;0,086277174;0,09057971;0,087183;14;11;4
Borborema;265811;64;7888;1583;14788;0,072964566;0,079929673;0,085475;16;55;2
Borebi;45604;70;794;148;2381;0,092398152;0,092398152;0,081478;12;15;4
Botucatu;3593568;75;80198;15725;131707;0,077080186;0,082091309;0,087588;14;154;3
Bragança Paulista;4097422;79;100895;28020;152268;0,080141592;0,083970368;0,087202;13;101;3
Braúna;61271;65;2150;338;5186;0,075973776;0,084072503;0,091014;17;20;2
Brejo Alegre;151363;81;1138;159;2634;0,083143508;0,080485953;0,081625;14;8;2
Brodowski;375142;55;11618;1808;22018;0,085748024;0,088518485;0,086157;13;27;4
Brotas;507669;68;12566;1890;22290;0,083355765;0,085105428;0,084971;14;65;4
Buri;253003;50;6538;1516;18859;0,094914895;0,084362904;0,07678;11;33;4
Buritama;401014;70;8521;2679;15789;0,074355564;0,080499082;0,082462;15;26;2
Buritizal;134933;39;2270;397;4132;0,072604066;0,079138432;0,085673;16;13;2
Cabrália Paulista;93122;113;1783;325;4341;0,09122322;0,086846349;0,077862;13;16;3
Cabreúva;2257685;77;21230;4338;43914;0,090244569;0,092590062;0,094958;9;48;4
Caçapava;3337044;73;43949;9112;86845;0,079831884;0,081939087;0,085831;13;71;3
Cachoeira Paulista;401842;75;12299;2664;30754;0,07911166;0,081517851;0,084184;14;42;2
Caconde;219137;62;7825;1150;18626;0,089713304;0,081445292;0,072748;16;19;2
Cafelândia;299697;74;7694;1397;16802;0,079454827;0,080942745;0,080467;16;31;2
Caiabu;48244;77;1559;286;4085;0,080783354;0,086413709;0,079315;16;9;2
Caieiras;2583454;80;34895;5162;90692;0,08736162;0,088420147;0,089523;9;24;4
Caiuá;64857;55;1370;335;5207;0,086614173;0,085269829;0,07682;15;18;4
Cajamar;7330483;77;29646;4375;68143;0,088695831;0,093201062;0,098103;8;25;4
Cajati;941261;65;9805;3181;28464;0,098756324;0,084071107;0,075112;11;42;4
Cajobi;103289;63;4296;511;9878;0,077039887;0,087872039;0,091314;15;12;4
Cajuru;388651;66;11642;1799;24056;0,088044563;0,089208513;0,084761;13;57;4
Campina do Monte Alegre;90705;79;1849;380;5639;0,087249512;0,082461429;0,080688;14;15;4
Campinas;48656923;75;792448;114581;1111795;0,073162768;0,082468441;0,092384;13;227;3
Campo Limpo Paulista;1411456;80;34893;7240;76733;0,084214093;0,087824013;0,090013;10;12;4
Campos do Jordão;845340;67;26332;6197;48496;0,089430056;0,086110195;0,083285;10;18;4
Campos Novos Paulista;95519;54;1593;353;4620;0,085064935;0,076406926;0,074459;15;14;2
Cananéia;514241;66;2568;765;12221;0,095082235;0,080026184;0,070043;14;62;4
Canas;78548;58;1250;265;4589;0,090651558;0,089779908;0,089126;10;14;4
Cândido Mota;598565;77;15485;3432;29930;0,079084531;0,083093886;0,081256;15;53;3
Cândido Rodrigues;58687;77;1474;215;2672;0,063997006;0,08008982;0,081961;20;8;2
Canitar;108051;61;1283;175;4547;0,093908071;0,083571586;0,084891;10;9;4
Capão Bonito;582915;71;18651;5480;46163;0,092346685;0,084439919;0,077551;12;120;3
Capela do Alto;194676;61;8374;2255;18397;0,09159102;0,091210523;0,088167;11;46;4
Capivari;1410943;65;28957;5578;50257;0,082595459;0,088306107;0,090296;11;54;4
Caraguatatuba;2205900;76;48303;14344;105573;0,085040683;0,084055582;0,084624;12;56;3
Carapicuíba;3862899;74;154794;31080;377579;0,083810275;0,084708101;0,090826;9;9;4
Cardoso;148440;68;5443;964;11782;0,073586827;0,076896961;0,076388;18;30;2
Casa Branca;496229;75;14710;3817;28657;0,076037268;0,087168929;0,090379;15;93;3
Cássia dos Coqueiros;77255;73;1092;129;2587;0,08658678;0,080788558;0,070738;17;7;2
Castilho;407096;60;6670;1683;18827;0,084346949;0,084984331;0,079832;14;47;4
Catanduva;3089977;86;91356;27240;114256;0,071252276;0,078866755;0,084827;16;56;3
Catiguá;97086;72;2983;441;7255;0,073604411;0,080909717;0,088353;13;29;2
Cedral;196836;60;4470;805;8240;0,07038835;0,075485437;0,080704;18;23;2
Cerqueira César;414634;78;8707;1462;18035;0,085444968;0,088272803;0,081785;14;58;3
Cerquilho;1387438;73;24062;5073;41776;0,077963424;0,085168518;0,093116;13;23;4
Cesário Lange;253797;67;8256;1807;16104;0,079607551;0,086934923;0,095628;13;39;4
Charqueada;260460;64;7672;1158;15646;0,084622268;0,091972389;0,093634;12;24;4
Chavantes;151983;55;4462;609;12147;0,084053676;0,078455586;0,077221;14;16;2
Clementina;155990;67;3902;779;7458;0,076427997;0,099758648;0,109815;11;25;4
Colina;667155;69;9408;2486;17453;0,080100842;0,085544033;0,087549;14;57;4
Colômbia;224603;75;2527;454;6012;0,087325349;0,088988689;0,085662;12;26;4
Conchal;430839;67;13245;2972;25850;0,089439072;0,093926499;0,094313;11;35;4
Conchas;253294;71;8083;1380;16539;0,078723018;0,077513755;0,077514;15;21;2
Cordeirópolis;1488016;66;13237;2455;22097;0,079513056;0,086437073;0,092546;12;37;4
Coroados;104107;60;2174;514;5460;0,07985348;0,085897436;0,085348;14;16;4
Coronel Macedo;51758;64;1195;225;4941;0,089455576;0,078729002;0,070633;15;28;2
Corumbataí;87379;73;2198;366;3901;0,086900795;0,082542938;0,082799;14;24;4
Cosmópolis;1040479;64;32955;7968;62606;0,08135003;0,088521867;0,095119;10;24;4
Cosmorama;220499;72;4220;902;7146;0,068429891;0,069129583;0,076546;20;29;2
Cotia;8612050;83;111793;17132;215010;0,085726245;0,085089066;0,089224;9;42;4
Cravinhos;803607;63;17790;3212;32525;0,083781706;0,087071483;0,089623;12;51;4
Cristais Paulista;131147;71;2953;517;7847;0,0848732;0,088823754;0,088441;12;31;4
Cruzália;46753;75;1124;198;2223;0,076923077;0,078272605;0,072874;16;7;2
Cruzeiro;1749796;79;33648;8254;77944;0,080121626;0,080968388;0,081905;14;59;3
Cubatão;7693582;66;48425;10998;121852;0,084060992;0,086728162;0,091775;9;71;4
Cunha;144399;60;8907;3100;21773;0,090524962;0,082854912;0,072108;15;52;4
Descalvado;947807;70;19089;4326;31488;0,076441819;0,082666413;0,087652;15;37;2
Diadema;12302667;84;170601;38657;391996;0,083457484;0,08822539;0,094743;9;16;4
Dirce Reis;36447;74;747;206;1700;0,068823529;0,081176471;0,072941;20;27;2
Divinolândia;173494;66;6213;880;11099;0,077484458;0,081989368;0,077575;17;27;2
Dobrada;69694;63;2835;615;8226;0,087284221;0,094335035;0,102845;10;12;4
Dois Córregos;510823;65;13544;2524;25414;0,078696781;0,08385142;0,087511;14;42;4
Dolcinópolis;27963;80;1242;206;2080;0,073076923;0,075;0,063462;20;7;2
Dourado;243705;73;4400;604;8568;0,074229692;0,081349206;0,081232;17;27;2
Dracena;895040;81;29242;7699;43833;0,069148815;0,080897954;0,081103;17;62;3
Duartina;161200;75;5928;1094;12171;0,074603566;0,079286829;0,076165;18;47;2
Dumont;138169;63;3562;442;8615;0,082646547;0,093905978;0,103076;11;14;4
Echaporã;96949;70;2272;302;6286;0,085587019;0,082405345;0,075247;17;39;2
Eldorado;188929;67;3545;1118;14758;0,106789538;0,083615666;0,069318;13;71;4
Elias Fausto;453836;68;5864;1330;16264;0,0860182;0,089461387;0,094257;11;24;4
Elisiário;48779;74;1261;241;3239;0,074405681;0,085211485;0,094474;15;27;2
Embaúba;38361;71;1032;102;2414;0,068351284;0,077050539;0,088235;16;27;2
Embu das Artes;6010806;73;88063;18765;249487;0,08986841;0,088052684;0,091067;8;23;4
Embu-Guaçu;784875;84;28994;4932;64337;0,091782334;0,086062452;0,08457;11;41;4
Emilianópolis;41338;58;1236;304;3039;0,074695624;0,082263903;0,075354;18;27;2
Engenheiro Coelho;339377;86;7065;1894;17230;0,087637841;0,099535694;0,113523;8;29;4
Espírito Santo do Pinhal;1035731;71;24093;5580;42131;0,077543851;0,080415846;0,08165;15;51;2
Espírito Santo do Turvo;79013;70;1892;202;4406;0,08851566;0,093054925;0,090558;11;15;4
Estiva Gerbi;208016;72;5272;1351;10358;0,083993049;0,088916779;0,091137;11;5;4
Estrela do Norte;44129;73;874;87;2656;0,08998494;0,092996988;0,07869;13;24;4
Estrela d'Oeste;353662;63;4960;1034;8177;0,069340834;0,074966369;0,081081;17;21;2
Euclides da Cunha Paulista;79686;72;3185;1000;9539;0,095712339;0,086172555;0,074012;13;35;4
Fartura;228835;76;6932;1209;15404;0,081732018;0,081147754;0,078486;16;37;2
Fernando Prestes;113291;70;2966;404;5549;0,067039106;0,07478825;0,078933;20;21;2
Fernandópolis;1382223;83;47888;14936;65189;0,071852613;0,077252297;0,07963;17;65;3
Fernão;31241;72;601;118;1587;0,078134846;0,076874606;0,078765;17;27;2
Ferraz de Vasconcelos;2456288;72;53003;7752;175619;0,094460167;0,093065101;0,091864;8;27;4
Flora Rica;27645;66;671;125;1695;0,088495575;0,078466077;0,064897;21;12;2
Floreal;52751;69;1696;289;2958;0,06693712;0,073360379;0,069304;23;18;2
Flórida Paulista;164302;62;5116;579;12601;0,072613285;0,093167209;0,10277;15;21;4
Florínia;74930;80;1105;244;2783;0,080129357;0,076895437;0,070787;17;27;2
Franca;6614144;81;212457;57847;326012;0,082052194;0,085487651;0,085874;13;120;3
Francisco Morato;1096464;77;34306;7101;160125;0,097798595;0,093252147;0,091235;8;2;4
Franco da Rocha;2048211;82;41048;7696;137804;0,087805869;0,098872311;0,100636;9;43;4
Gabriel Monteiro;47573;52;1482;328;2704;0,064718935;0,070636095;0,076183;19;3;2
Gália;92423;58;2699;483;6848;0,077978972;0,077102804;0,075204;18;46;2
Garça;844892;86;23539;6302;42909;0,078048894;0,080262882;0,079843;16;56;3
Gastão Vidigal;45046;70;1816;394;4379;0,063484814;0,090659968;0,123773;14;11;4
Gavião Peixoto;85785;72;1492;138;4476;0,084003575;0,092940125;0,094281;11;10;4
General Salgado;231090;75;6098;973;10678;0,072298183;0,080352126;0,08082;17;34;2
Getulina;152704;61;3776;608;10783;0,075767412;0,089214504;0,103867;14;21;4
Glicério;73756;51;1697;376;4623;0,084144495;0,077655202;0,073762;15;14;2
Guaiçara;140602;53;4403;1115;11059;0,083913555;0,087620942;0,089249;12;22;4
Guaimbê;56259;65;1850;234;5449;0,086437879;0,08350156;0,081116;15;11;4
Guaíra;1276831;75;22780;5594;37940;0,076436479;0,078914075;0,085398;13;72;3
Guapiaçu;291838;51;9277;2221;18809;0,073581796;0,084852996;0,091658;14;23;4
Guapiara;303195;75;4188;1115;17830;0,097924846;0,08323051;0,068985;13;47;4
Guará;369483;53;7473;1320;20133;0,084885511;0,083147072;0,083892;12;39;4
Guaraçaí;172174;58;4519;1029;8439;0,071453964;0,072401943;0,073468;18;19;2
Guaraci;214481;65;3901;694;10280;0,080836576;0,089688716;0,09251;13;19;4
Guarani d'Oeste;22711;60;841;195;1956;0,072597137;0,076175869;0,076687;18;9;2
Guarantã;105531;49;2372;472;6423;0,088899268;0,085318387;0,084696;13;62;4
Guararapes;681523;76;17456;5214;31091;0,074105046;0,079412049;0,082178;15;30;2
Guararema;1319806;79;13258;2549;26887;0,087849146;0,085877934;0,085283;12;45;4
Guaratinguetá;3616781;78;58043;13486;114047;0,078143222;0,081589169;0,082212;14;58;3
Guareí;176576;59;4249;1156;14903;0,075353956;0,109843656;0,123398;10;15;4
Guariba;675025;67;16193;2820;36576;0,084262905;0,091781496;0,098617;10;35;4
Guarujá;5866602;65;112250;46599;298203;0,086890474;0,085049446;0,085174;10;38;4
Guarulhos;43283250;78;541793;77582;1260899;0,086219435;0,087787364;0,090236;9;70;3
Guatapará;155983;72;2507;364;7106;0,087531663;0,085702223;0,083028;13;33;4
Guzolândia;49641;66;1704;229;4861;0,082287595;0,083521909;0,082493;14;19;4
Herculândia;163049;64;3664;645;8863;0,081800745;0,081913573;0,080898;14;46;4
Holambra;513162;86;7258;1537;12311;0,080415888;0,084964666;0,089107;10;11;4
Hortolândia;9064317;74;78296;14808;203794;0,088005535;0,096936122;0,097785;9;22;4
Iacanga;275036;66;4825;871;10414;0,078356059;0,084309583;0,088151;14;44;4
Iacri;111594;59;2520;422;6380;0,073824451;0,078369906;0,077743;17;20;2
Iaras;81763;52;1259;236;6508;0,108789183;0,078365089;0,082207;10;28;4
Ibaté;522359;68;14187;2634;31953;0,086095202;0,093543642;0,099271;10;17;4
Ibirá;159026;57;5218;974;11261;0,071752065;0,084628363;0,093065;16;30;2
Ibirarema;145444;51;2674;589;6957;0,087106511;0,08509415;0,078626;14;15;4
Ibitinga;1049256;66;32852;9726;54849;0,075552882;0,086236759;0,092472;13;84;3
Ibiúna;1075990;66;33261;7267;72766;0,090000825;0,084421296;0,083088;12;42;4
Icém;134858;59;3558;540;7637;0,078172057;0,086945136;0,095587;12;58;4
Iepê;131682;74;3394;602;7711;0,081442096;0,080534302;0,075217;16;49;2
Igaraçu do Tietê;219232;60;10045;2151;23586;0,081065039;0,087212753;0,088273;11;10;4
Igarapava;652952;69;11204;1503;28425;0,07528584;0,084010554;0,090976;14;32;4
Igaratá;128334;81;4408;915;8975;0,086462396;0,080111421;0,076992;14;23;2
Iguape;1050789;70;7636;2147;28984;0,087772564;0,073419818;0,064656;16;82;3
Ilha Comprida;1560831;55;3856;1171;9387;0,083306701;0,067859806;0,060509;18;27;2
Ilha Solteira;424811;79;14970;4904;25309;0,077087202;0,081472994;0,074954;16;49;2
Ilhabela;2479131;74;13231;5572;29839;0,082878113;0,086933208;0,095781;9;43;4
Indaiatuba;9527731;76;149077;40259;215612;0,078525314;0,087100903;0,09454;11;36;4
Indiana;46599;68;2461;489;4811;0,07815423;0,08438994;0,082727;16;17;2
Indiaporã;56231;72;2086;363;3884;0,066683831;0,073635427;0,074665;20;27;2
Inúbia Paulista;98136;73;1565;239;3711;0,078684991;0,081379682;0,084074;15;9;2
Ipaussu;262185;102;4945;829;13907;0,08362695;0,0842022;0,083699;14;30;3
Iperó;387147;58;7266;1547;30159;0,087171325;0,100135946;0,103452;9;5;4
Ipeúna;346223;67;3124;492;6462;0,088207985;0,093779016;0,092696;11;35;4
Ipiguá;58795;73;1195;276;4700;0,077234043;0,082340426;0,081277;16;12;2
Iporanga;31081;66;727;172;4325;0,10566474;0,086936416;0,072832;13;39;4
Ipuã;261175;59;5857;1216;14666;0,081617346;0,088572208;0,096754;11;33;4
Iracemápolis;553917;68;12751;2424;21178;0,076163944;0,086599301;0,098735;11;27;4
Irapuã;89363;66;2955;446;7417;0,074828098;0,087097209;0,097074;14;19;4
Irapuru;70207;61;2624;398;7642;0,076027218;0,103506935;0,114106;17;21;4
Itaberá;261198;63;5653;1372;17757;0,093033733;0,082333728;0,075182;14;129;3
Itaí;387868;59;10138;1492;24744;0,081433883;0,083292919;0,087577;11;82;4
Itajobi;325412;67;8929;1661;14591;0,069494894;0,077170859;0,079981;18;23;2
Itaju;54903;68;1160;141;3373;0,083012155;0,088052179;0,096057;15;16;4
Itanhaém;1136392;73;31127;8682;90507;0,085706078;0,077496768;0,072359;16;34;2
Itaóca;26348;81;622;230;3204;0,105805243;0,073657928;0,056804;16;27;2
Itapecerica da Serra;2663345;78;61158;11671;157677;0,091142018;0,092359697;0,091586;8;53;4
Itapetininga;3235444;72;76219;22706;149042;0,08577448;0,09077978;0,089223;12;171;3
Itapeva;1552970;75;46437;12265;88832;0,093693714;0,08690562;0,081288;11;90;3
Itapevi;6988952;71;72148;15883;211379;0,095421021;0,092620364;0,092734;7;31;4
Itapira;2434188;77;45949;14800;69579;0,076359246;0,082812343;0,085644;15;70;3
Itapirapuã Paulista;24847;71;833;289;3955;0,105436157;0,086219975;0,074083;12;27;4
Itápolis;1080913;69;26013;5085;40511;0,074695762;0,08195305;0,085434;16;51;2
Itaporanga;139194;65;5596;1267;14580;0,082510288;0,075514403;0,074348;15;33;2
Itapuí;388859;54;5350;1102;12664;0,0807012;0,087255212;0,090414;13;13;4
Itapura;68671;56;1122;244;4523;0,086889233;0,087994694;0,08092;14;24;4
Itaquaquecetuba;4320719;68;87351;15965;335891;0,097347056;0,093271329;0,090663;7;40;4
Itararé;596263;67;18594;4500;48200;0,093319502;0,086929461;0,079253;13;69;4
Itariri;146838;45;3222;730;15995;0,102407002;0,08777743;0,076461;12;28;4
Itatiba;4163189;74;67097;11897;106638;0,076989441;0,085166639;0,094113;12;79;3
Itatinga;205194;51;6686;1190;18775;0,090439414;0,091984021;0,090386;10;50;4
Itirapina;312410;60;6640;1326;16016;0,080606893;0,125936563;0,117258;11;48;4
Itirapuã;60742;58;2089;341;6020;0,092358804;0,086710963;0,078405;14;14;4
Itobi;76163;50;3154;829;7565;0,081031064;0,088301388;0,090152;14;6;4
Itu;6211762;77;102301;22230;158924;0,081076489;0,084839294;0,089143;12;124;3
Itupeva;2854726;72;25953;4652;49108;0,082002932;0,088885721;0,09868;9;21;4
Ituverava;866857;72;21710;5592;39193;0,077998622;0,079580537;0,083433;15;50;2
Jaborandi;108830;53;2764;812;6622;0,076562972;0,088492902;0,09257;14;14;4
Jaboticabal;1989387;79;47836;12811;72493;0,0756073;0,082283807;0,086477;15;109;3
Jacareí;7892662;77;110368;19818;216418;0,079725346;0,079646795;0,082239;12;127;3
Jaci;291411;69;3122;652;6056;0,078929987;0,086195509;0,096103;11;12;4
Jacupiranga;284360;62;6460;1615;17179;0,094999709;0,082426218;0,072705;13;62;4
Jaguariúna;5033582;73;31836;8418;47795;0,078083482;0,086619939;0,096161;11;30;4
Jales;925297;89;36769;12549;47102;0,070782557;0,075007431;0,07798;17;70;3
Jambeiro;253795;59;1988;287;5634;0,084664537;0,086084487;0,087149;13;31;4
Jandira;2456708;68;44354;8896;112860;0,088525607;0,091112883;0,097005;8;9;4
Jardinópolis;681421;62;18264;3794;39306;0,084872539;0,087874625;0,088307;12;81;4
Jarinu;875799;79;13245;3011;25653;0,08618875;0,087670058;0,088645;12;24;4
Jaú;3273346;72;88649;23331;136178;0,07464495;0,081694547;0,088847;14;108;3
Jeriquara;58518;65;1170;162;3153;0,089755788;0,087218522;0,083413;12;12;4
Joanópolis;135602;56;7432;2028;12051;0,075180483;0,084889221;0,085636;16;27;2
João Ramalho;110755;56;1425;247;4219;0,088172553;0,092438967;0,085802;11;13;4
José Bonifácio;841301;72;22369;6825;33733;0,079358492;0,087421812;0,090179;14;82;3
Júlio Mesquita;36142;73;1229;128;4486;0,092732947;0,086045475;0,078243;15;11;4
Jumirim;58962;56;1322;164;2959;0,081108483;0,097330179;0,101724;12;11;4
Jundiaí;30239652;90;275050;45751;382279;0,069700402;0,077739034;0,087792;14;134;3
Junqueirópolis;374090;75;9709;2125;19123;0,069915808;0,087067929;0,089683;17;14;2
Juquiá;234934;70;5614;1323;19057;0,099963268;0,077924122;0,068111;14;68;4
Juquitiba;363062;74;11522;2051;29193;0,095296818;0,08365019;0,078101;11;40;4
Lagoinha;42709;78;2831;1023;4828;0,087199669;0,079743165;0,065452;19;24;2
Laranjal Paulista;657350;59;13617;2458;26032;0,078173018;0,082168101;0,086509;15;20;2
Lavínia;116774;71;2060;482;8666;0,050196169;0,120009231;0,181745;10;24;4
Lavrinhas;90842;62;2270;508;6762;0,093167702;0,087104407;0,086661;10;31;4
Leme;2086708;74;56726;17408;94552;0,082875032;0,089559184;0,094424;12;22;4
Lençóis Paulista;1912196;76;37486;8295;62939;0,081952367;0,084828167;0,089182;12;71;3
Limeira;9538001;82;178732;39125;282367;0,077215114;0,082768171;0,088311;13;110;3
Lindóia;98651;48;3871;865;7043;0,077523782;0,082209286;0,085901;14;18;4
Lins;2693187;77;49207;13414;72626;0,077093603;0,079682207;0,085314;15;63;3
Lorena;1606040;68;37436;9562;83782;0,080852689;0,08328758;0,084075;14;36;4
Lourdes;29640;78;874;203;2148;0,073091248;0,077746741;0,077747;18;27;2
Louveira;7870072;65;21875;5371;40686;0,07820872;0,097330777;0,114659;8;25;4
Lucélia;312818;57;9914;2166;20238;0,073574464;0,081875679;0,086076;15;12;2
Lucianópolis;29623;76;876;107;2249;0,084481992;0,072476656;0,076478;17;18;2
Luís Antônio;1029797;53;5226;624;12223;0,094903052;0,098011945;0,09883;8;43;4
Luiziânia;50318;54;1640;382;5244;0,078756674;0,091533181;0,102021;14;6;4
Lupércio;44118;58;1460;254;4372;0,088975297;0,081198536;0,07914;15;20;4
Lutécia;59369;82;978;130;2682;0,081282625;0,083146905;0,079045;16;19;2
Macatuba;308137;67;8291;1482;16465;0,083935621;0,084239295;0,084907;12;21;4
Macaubal;118214;66;4164;844;7702;0,068034277;0,075045443;0,07907;19;8;2
Macedônia;52042;70;1568;361;3636;0,073157316;0,072882288;0,070132;19;22;2
Magda;64332;72;1768;207;3167;0,070097884;0,072623934;0,071992;20;13;2
Mairinque;1436553;75;21238;4048;44184;0,085868188;0,083152272;0,082949;11;12;4
Mairiporã;1319828;66;41478;7589;86273;0,090109304;0,086376966;0,083143;11;67;4
Manduri;107810;56;4866;778;9160;0,078930131;0,081659389;0,080786;15;15;2
Marabá Paulista;112032;61;1290;266;4841;0,068580872;0,149969015;0,124148;11;29;4
Maracaí;384666;75;7033;1684;13395;0,078611422;0,082642777;0,084882;14;49;3
Marapoama;115769;61;1835;358;2719;0,073188672;0,079440971;0,088636;16;27;2
Mariápolis;43975;55;1282;270;3935;0,077763659;0,086404066;0,088691;16;9;2
Marília;5775864;87;134392;36723;221361;0,076490439;0,082295436;0,085268;15;143;3
Marinópolis;23023;72;949;186;2106;0,081671415;0,077397911;0,067901;15;9;2
Martinópolis;359424;72;10522;2155;24655;0,078766984;0,088866356;0,090164;15;86;3
Matão;2782952;84;54241;13889;77847;0,07713849;0,084666076;0,088931;13;74;3
Mauá;10052150;72;178541;31199;430428;0,084697092;0,090858401;0,096153;9;6;4
Mendonça;156120;69;2353;376;4769;0,076326274;0,084504089;0,091214;17;26;2
Meridiano;161596;82;2483;416;3821;0,072755823;0,074326093;0,077728;17;13;2
Mesópolis;43356;60;767;176;1887;0,084790673;0,076841547;0,066243;17;27;2
Miguelópolis;581067;61;9125;2064;20756;0,081422239;0,083204856;0,085566;12;65;4
Mineiros do Tietê;125631;67;5347;681;12206;0,084794363;0,08274619;0,082828;13;12;4
Mira Estrela;35552;65;1338;203;2856;0,077030812;0,075980392;0,067227;19;3;2
Miracatu;362987;66;6316;1634;20271;0,098909773;0,079473139;0,068522;12;85;4
Mirandópolis;473818;78;14481;3799;27860;0,06396267;0,078463747;0,095011;16;30;2
Mirante do Paranapanema;265179;70;6353;1576;17278;0,084037504;0,079696724;0,072751;16;99;3
Mirassol;1258775;81;34677;9349;55046;0,072466664;0,079951313;0,083857;15;36;2
Mirassolândia;63410;60;1692;395;4415;0,077463194;0,078142695;0,079728;17;2;2
Mococa;1398834;78;35853;9640;66419;0,077703669;0,08151282;0,082627;15;125;3
Mogi das Cruzes;11388040;78;192787;27735;401236;0,084593606;0,084202315;0,086086;11;148;3
Mogi Guaçu;4373959;77;91006;27050;140658;0,078985909;0,084111817;0,08805;13;27;4
Moji Mirim;5079496;77;61198;16648;87785;0,075946916;0,080264282;0,083568;14;27;2
Mombuca;53217;71;1392;239;3286;0,088861838;0,086427267;0,084297;12;2;4
Monções;62442;86;1440;217;2148;0,059590317;0,067970205;0,076816;20;11;2
Mongaguá;599650;81;15975;3689;48798;0,083773925;0,080679536;0,078856;15;17;2
Monte Alegre do Sul;151303;73;4926;1378;7345;0,073927842;0,079918312;0,080735;16;6;2
Monte Alto;1278238;72;34246;12435;47235;0,07361067;0,078861014;0,084514;16;40;2
Monte Aprazível;512943;77;13556;2605;22337;0,067108385;0,079733178;0,087881;16;61;3
Monte Azul Paulista;323264;62;10746;2397;18707;0,07911477;0,084086171;0,084728;15;23;2
Monte Castelo;66769;66;1740;348;4036;0,076560951;0,074826561;0,071853;19;20;2
Monte Mor;2513665;73;21217;4043;52066;0,088829562;0,090788614;0,091941;10;21;4
Monteiro Lobato;44520;71;2679;549;4224;0,08688447;0,077651515;0,070549;16;33;2
Morro Agudo;897117;58;14144;3745;30083;0,083701758;0,090449756;0,098029;10;42;4
Morungaba;379634;67;7586;1267;12216;0,082187295;0,085625409;0,089227;13;10;4
Motuca;67766;67;1909;288;4395;0,080773606;0,088282139;0,087144;12;27;4
Murutinga do Sul;48656;64;1773;380;4217;0,073749111;0,069717809;0,065924;20;16;2
Nantes;61035;77;799;84;2817;0,090521832;0,088036919;0,083422;11;14;4
Narandiba;152614;71;1643;285;4449;0,090582153;0,091930771;0,081367;11;3;4
Natividade da Serra;53049;68;2017;499;6680;0,083832335;0,071257485;0,065868;19;23;2
Nazaré Paulista;253805;67;9072;2205;17023;0,084767667;0,085120132;0,083887;15;48;4
Neves Paulista;148386;70;4545;820;8738;0,063172351;0,071984436;0,080911;20;18;2
Nhandeara;226527;81;5871;1061;10763;0,064015609;0,07442163;0,079346;20;67;2
Nipoã;74892;54;2238;423;4497;0,07560596;0,091839004;0,100289;12;27;4
Nova Aliança;81613;60;2799;447;6061;0,076225045;0,079029863;0,08266;17;22;2
Nova Campina;297613;57;1516;442;8839;0,111098541;0,092996945;0,082136;8;27;4
Nova Canaã Paulista;25749;81;812;129;2059;0,067994172;0,061680427;0,056338;23;2;2
Nova Castilho;30117;62;521;75;1142;0,089316988;0,077057793;0,070053;16;27;2
Nova Europa;234034;65;4145;433;9735;0,080739599;0,08751926;0,093683;11;18;4
Nova Granada;266657;79;10444;2808;19707;0,078398539;0,084437002;0,089816;14;38;4
Nova Guataporanga;21663;69;961;178;2182;0,075618698;0,072410632;0,071952;20;8;2
Nova Independência;71981;86;1220;187;3276;0,084554335;0,089133089;0,090049;11;24;4
Nova Luzitânia;32864;72;1339;237;3637;0,073137201;0,081110806;0,097333;13;7;4
Nova Odessa;2037303;83;34815;7935;53375;0,078032787;0,084159251;0,090136;12;13;4
Novais;46801;58;1737;349;4881;0,083794304;0,104486785;0,108994;11;27;4
Novo Horizonte;710104;72;23014;5925;37318;0,074200118;0,081033282;0,084544;15;57;3
Nuporanga;352250;62;3228;332;6958;0,078327105;0,086662834;0,087813;14;7;4
Ocauçu;64147;56;1804;314;4156;0,079162656;0,08253128;0,079885;16;30;2
Óleo;48645;63;1030;137;2621;0,082411293;0,072109882;0,06219;19;3;2
Olímpia;1389101;79;30669;7511;50809;0,072369068;0,08152099;0,087701;16;76;3
Onda Verde;157628;73;1612;224;3987;0,082518184;0,087032857;0,085779;13;12;4
Oriente;73306;63;2536;399;6147;0,0761347;0,081828534;0,083781;16;12;2
Orindiúva;310987;70;3074;364;6045;0,082216708;0,09197684;0,101572;9;16;4
Orlândia;1301237;82;28321;8694;40558;0,078726762;0,084397653;0,088737;13;36;3
Osasco;50815170;87;361047;60432;670466;0,079839992;0,084295102;0,09116;11;41;3
Oscar Bressane;49217;70;1111;151;2529;0,067220245;0,076710162;0,07157;22;20;2
Osvaldo Cruz;727034;81;19468;4644;31040;0,073389175;0,093234536;0,078673;18;43;2
Ourinhos;2295423;74;61811;18617;105307;0,078579772;0,081400097;0,081562;14;70;3
Ouro Verde;87347;67;2852;632;7939;0,082126212;0,084645421;0,082378;14;2;4
Ouroeste;258249;74;4283;893;8827;0,079981874;0,087345644;0,089385;14;37;4
Pacaembu;138665;72;5600;784;13171;0,060587655;0,099081315;0,115861;16;14;4
Palestina;234137;66;5055;612;11409;0,071960733;0,082654045;0,089578;17;25;2
Palmares Paulista;91506;63;3280;597;11562;0,083722539;0,10300986;0,118665;8;16;4
Palmeira d'Oeste;123612;76;5622;1030;9426;0,072246976;0,069913007;0,064927;20;15;2
Palmital;452597;74;11927;2476;21316;0,075014074;0,074310377;0,073888;18;54;2
Panorama;214772;62;7312;2267;14767;0,086747477;0,086002573;0,081939;13;16;4
Paraguaçu Paulista;859178;81;23299;6174;42857;0,081176937;0,084023613;0,087337;14;121;3
Paraibuna;232074;56;7749;1646;17639;0,087363229;0,08560576;0,079143;14;85;4
Paraíso;163874;68;3319;357;6017;0,077114841;0,078610603;0,086089;15;14;2
Paranapanema;321928;65;7434;1182;18433;0,093256659;0,085987088;0,083383;11;88;4
Paranapuã;54354;64;1963;423;3841;0,081489196;0,076021869;0,071336;17;7;2
Parapuã;226395;62;4722;867;10736;0,074608793;0,077589419;0,075075;18;52;2
Pardinho;179472;66;2990;389;5819;0,08867503;0,085753566;0,078708;13;25;4
Pariquera-Açu;339089;76;6825;2095;18689;0,091925732;0,083418053;0,07796;13;55;4
Parisi;26441;78;1047;282;2041;0,067613915;0,075943165;0,083782;18;27;2
Patrocínio Paulista;544165;61;5527;782;13440;0,084077381;0,08608631;0,083482;13;16;4
Paulicéia;172574;66;3665;954;6583;0,088105727;0,088865259;0,086283;12;7;4
Paulínia;11609645;70;60402;9371;89534;0,078808051;0,085487078;0,091965;9;30;4
Paulistânia;23102;64;548;92;1778;0,086051744;0,079865017;0,077615;16;31;2
Paulo de Faria;164186;62;3086;362;8559;0,081084239;0,082486272;0,083655;14;39;4
Pederneiras;1638290;69;24917;7169;42734;0,087354331;0,08770534;0,085786;12;66;4
Pedra Bela;53593;62;2942;840;5838;0,083418979;0,079993148;0,077766;16;11;2
Pedranópolis;37929;67;1373;332;2511;0,068498606;0,065312624;0,067702;20;8;2
Pedregulho;645001;61;7097;1075;15877;0,084272848;0,088933678;0,087359;13;49;4
Pedreira;897182;71;27882;10812;43131;0,075096798;0,084185389;0,09281;13;13;4
Pedrinhas Paulista;62252;65;1696;319;2962;0,083389602;0,081701553;0,074612;15;12;2
Pedro de Toledo;105045;55;2406;545;10422;0,093935905;0,077528306;0,067358;15;11;2
Penápolis;1112729;75;40662;14415;59231;0,075467238;0,078810083;0,079536;16;91;3
Pereira Barreto;487046;69;13046;3755;25103;0,078954707;0,081185516;0,075728;16;91;3
Pereiras;120526;56;3238;587;7752;0,081398349;0,086429309;0,088751;15;29;4
Peruíbe;1073576;79;26180;7311;61652;0,086955817;0,076347888;0,069665;16;15;2
Piacatu;67509;69;2286;492;5470;0,080073126;0,088117002;0,085375;16;9;2
Piedade;822308;71;26245;7379;52518;0,087322442;0,082790662;0,080087;14;92;3
Pilar do Sul;343648;70;15980;3888;26956;0,089479151;0,086993619;0,08154;13;65;4
Pindamonhangaba;5087052;71;72895;16636;152218;0,084530082;0,085331564;0,088603;11;90;3
Pindorama;236097;52;6796;1406;15446;0,072381199;0,081898226;0,089085;16;20;2
Pinhalzinho;174328;60;6749;1355;13607;0,080032336;0,081796134;0,080694;17;21;2
Piquerobi;45270;60;1297;254;3535;0,079490806;0,08175389;0,073833;17;22;2
Piquete;113299;58;4895;954;13945;0,077949086;0,081606311;0,075798;16;25;2
Piracaia;323968;68;13869;4057;25455;0,084423492;0,081948537;0,079199;14;35;4
Piracicaba;17124369;81;256644;52196;372518;0,076050016;0,081314192;0,089153;14;174;3
Piraju;466498;73;15689;3307;28525;0,080525855;0,08;0,076845;16;97;3
Pirajuí;272007;77;9706;2251;22930;0,071478413;0,10750109;0,108679;14;72;3
Pirangi;165365;81;6127;963;10692;0,073325851;0,077908717;0,083146;17;37;2
Pirapora do Bom Jesus;404590;56;5414;1234;16615;0,101233825;0,092807704;0,087331;8;18;4
Pirapozinho;556284;74;12199;3169;25445;0,083277658;0,086578896;0,081981;14;53;4
Pirassununga;1895599;76;47830;11913;71215;0,075700344;0,079589974;0,084238;15;96;3
Piratininga;134571;74;6395;1045;12413;0,077338274;0,077660517;0,083139;16;47;2
Pitangueiras;682582;67;15940;4282;36288;0,088128307;0,089974647;0,093722;10;34;4
Planalto;183817;64;1991;418;4679;0,077366959;0,085274631;0,088694;11;5;4
Platina;55250;65;1080;241;3283;0,082851051;0,077063661;0,07615;14;9;2
Poá;3997500;97;42015;6363;108963;0,087231446;0,086423832;0,087461;10;7;4
Poloni;97642;70;2981;447;5477;0,065911996;0,082344349;0,092569;18;23;2
Pompéia;926756;75;10943;2256;20366;0,07551802;0,077531179;0,085289;15;15;2
Pongaí;49737;73;1816;216;3430;0,0696793;0,075801749;0,078717;19;27;2
Pontal;771337;60;15773;3103;43178;0,084001112;0,097341239;0,109315;8;16;4
Pontalinda;49327;56;1277;345;4203;0,078277421;0,090173685;0,095884;13;15;4
Pontes Gestal;129011;64;1378;176;2519;0,07860262;0,077014688;0,078603;18;9;2
Populina;69973;74;1857;351;4150;0,074698795;0,07686747;0,073253;19;17;2
Porangaba;110265;56;3518;656;8629;0,080658245;0,079499363;0,073705;18;45;2
Porto Feliz;1147838;78;26025;5612;49742;0,081882514;0,084033613;0,087552;13;68;3
Porto Ferreira;1408584;66;33778;10332;52259;0,075757286;0,081918904;0,086626;14;50;2
Potim;136658;45;4445;1441;19758;0,08168843;0,113979148;0,125013;8;27;4
Potirendaba;384098;65;9826;1878;15823;0,067875877;0,082285281;0,091512;16;14;2
Pracinha;19456;63;488;108;2863;0,073349633;0,2200489;0,142508;9;27;4
Pradópolis;511983;61;7576;1252;18488;0,078699697;0,092005625;0,10423;10;36;4
Praia Grande;4353703;67;105104;32842;278799;0,082493122;0,081047636;0,083652;13;38;4
Pratânia;79775;82;2176;263;4758;0,093736864;0,09331652;0,090164;10;33;4
Presidente Alves;53003;72;1595;272;4087;0,077807683;0,081477857;0,082457;16;9;2
Presidente Bernardes;174193;68;6685;1415;13631;0,074609346;0,079524613;0,076737;19;32;2
Presidente Epitácio;756881;74;22739;7673;41622;0,081855749;0,08156744;0,080919;13;14;4
Presidente Prudente;5675014;78;139129;34367;211815;0,074565069;0,080494771;0,08294;15;58;3
Presidente Venceslau;537921;77;22909;7105;37956;0,072057119;0,077273685;0,081884;16;71;3
Promissão;1572945;68;19660;5405;36868;0,080639037;0,084843224;0,083948;14;62;3
Quadra;69367;75;1060;320;3380;0,080177515;0,076035503;0,075148;15;11;2
Quatá;317530;73;5793;898;13140;0,08325723;0,085083714;0,082496;13;15;4
Queiroz;193015;72;790;131;2946;0,090631365;0,084521385;0,086897;12;11;4
Queluz;154462;51;2919;612;11738;0,081104106;0,086386096;0,090987;11;45;4
Quintana;102158;72;2231;288;6154;0,07881053;0,083035424;0,086285;15;12;2
Rafard;219574;78;4832;963;8707;0,07660503;0,082002986;0,08832;13;24;4
Rancharia;767788;84;14538;3325;28803;0,079991668;0,081345693;0,078221;15;139;3
Redenção da Serra;37926;65;1623;393;3858;0,088646967;0,075427683;0,065837;16;24;2
Regente Feijó;483466;71;9182;1629;18798;0,077721034;0,079689329;0,081019;15;55;2
Reginópolis;82038;45;2492;419;7273;0,095283927;0,208167194;0,107521;12;14;4
Registro;1177764;87;26067;7834;54121;0,089078177;0,079617893;0,075645;13;42;3
Restinga;116778;66;2404;643;6853;0,090325405;0,090033562;0,088574;10;32;4
Ribeira;27517;82;596;188;3312;0,092693237;0,075181159;0,061896;17;22;2
Ribeirão Bonito;201087;65;5521;939;12375;0,082181818;0,086222222;0,087192;13;21;4
Ribeirão Branco;257486;61;2935;1027;17978;0,108020914;0,08877517;0,075871;10;52;4
Ribeirão Corrente;71300;74;1755;397;4391;0,090867684;0,087679344;0,085857;12;12;4
Ribeirão do Sul;73268;76;2082;478;4413;0,081577158;0,074779062;0,070927;17;13;2
Ribeirão dos Índios;28078;68;917;313;2171;0,07646246;0,066328881;0,068632;20;27;2
Ribeirão Grande;225780;78;2222;771;7448;0,089554243;0,081901182;0,078813;13;12;4
Ribeirão Pires;2243640;80;60832;6446;114984;0,077584707;0,081333055;0,08716;12;59;3
Ribeirão Preto;22651276;76;455139;119507;629795;0,073609667;0,085364285;0,095776;14;203;3
Rifaina;51490;72;1651;206;3444;0,076655052;0,074332172;0,074623;16;9;2
Rincão;150944;73;4257;648;10433;0,085881338;0,083868494;0,083102;13;37;4
Rinópolis;143786;58;4916;868;9864;0,071472019;0,080798865;0,081407;19;25;2
Rio Claro;7121744;79;139672;46445;190843;0,074904503;0,081538228;0,088733;14;65;3
Rio das Pedras;922370;60;16113;2846;31042;0,081341408;0,089362799;0,09922;10;33;4
Rio Grande da Serra;462227;62;14330;2240;45716;0,088940415;0,088721673;0,092397;9;5;4
Riolândia;134230;72;2881;522;10821;0,07198965;0,096386656;0,116995;11;52;4
Riversul;39914;63;1740;554;6006;0,09024309;0,075757576;0,06377;17;30;2
Rosana;1030975;74;6865;1620;19234;0,096495789;0,086877405;0,074036;13;60;4
Roseira;208116;55;4276;913;9918;0,083182093;0,083887881;0,086913;11;11;4
Rubiácea;54936;72;977;219;2846;0,08151792;0,090302178;0,089951;13;9;4
Rubinéia;43109;82;1423;243;2904;0,073002755;0,072658402;0,068526;21;30;2
Sabino;85894;57;2348;643;5297;0,078723806;0,080422881;0,075326;18;8;2
Sagres;30057;64;766;150;2378;0,087047939;0,076955425;0,070227;17;6;2
Sales;80943;71;2361;372;5644;0,073352232;0,07654146;0,080085;17;26;2
Sales Oliveira;239856;58;5601;964;10868;0,078763342;0,085112256;0,086308;15;71;4
Salesópolis;150993;77;8801;1835;15984;0,087837838;0,082457457;0,076889;13;29;4
Salmourão;56851;63;1285;249;4902;0,085883313;0,084863321;0,076703;16;12;2
Saltinho;149047;73;4694;491;7323;0,072920934;0,081523966;0,089308;15;7;2
Salto;4463025;83;59653;12457;108463;0,081520887;0,08731088;0,090197;12;39;4
Salto de Pirapora;1143568;69;17577;3655;41384;0,087763387;0,086337715;0,084622;12;37;4
Salto Grande;162663;57;3012;668;8872;0,081943192;0,074954914;0,072701;16;35;2
Sandovalina;283994;68;1398;252;3851;0,093741885;0,086211374;0,07946;11;8;4
Santa Adélia;234184;62;9031;1337;14507;0,077617702;0,080168195;0,083959;15;33;2
Santa Albertina;119714;67;3123;727;5711;0,070565575;0,078445106;0,079146;20;19;2
Santa Bárbara d'Oeste;4436561;68;119415;31538;182751;0,07567674;0,085066566;0,090916;12;69;3
Santa Branca;228709;55;5289;855;13889;0,082367341;0,081071351;0,077687;14;23;2
Santa Clara d'Oeste;38931;67;934;192;2065;0,07748184;0,079903148;0,075061;19;10;2
Santa Cruz da Conceição;113113;66;2154;350;4106;0,078421822;0,07793473;0,083049;17;16;2
Santa Cruz da Esperança;29972;64;588;34;1991;0,091913611;0,085384229;0,079357;16;12;4
Santa Cruz das Palmeiras;336047;69;14598;2930;31086;0,081258444;0,090008364;0,096796;12;36;4
Santa Cruz do Rio Pardo;1235983;74;26659;6736;44566;0,079051295;0,079006417;0,079523;15;84;3
Santa Ernestina;63961;72;2421;361;5553;0,085179182;0,094723573;0,098685;11;15;4
Santa Fé do Sul;716432;84;19957;5416;29715;0,072589601;0,080161535;0,082214;18;30;2
Santa Gertrudes;1219937;68;12547;3444;22978;0,083253547;0,090477848;0,101488;9;23;4
Santa Isabel;1174903;81;22435;5254;51867;0,085179401;0,084504598;0,084929;12;42;4
Santa Lúcia;89302;70;3384;572;8346;0,088185957;0,089503954;0,09178;11;20;4
Santa Maria da Serra;116389;68;2987;312;5625;0,084266667;0,0944;0,097422;11;32;4
Santa Mercedes;47735;68;1147;209;2822;0,084337349;0,081856839;0,076187;16;14;2
Santa Rita do Passa Quatro;529504;66;15676;3015;26454;0,068609662;0,073523853;0,07549;20;85;2
Santa Rita d'Oeste;38661;81;1218;256;2503;0,066320416;0,072313224;0,068718;23;4;2
Santa Rosa de Viterbo;659909;74;12862;2039;24390;0,080852809;0,084624846;0,086183;15;38;2
Santa Salete;18610;81;849;170;1446;0,069847856;0,069847856;0,071231;21;8;2
Santana da Ponte Pensa;22335;84;869;138;1597;0,058234189;0,066374452;0,066374;25;9;2
Santana de Parnaíba;6326301;76;65015;9503;117640;0,089119347;0,089654879;0,089774;9;23;4
Santo Anastácio;278926;73;11138;3194;20347;0,079323733;0,078733966;0,073868;17;20;2
Santo André;23917939;85;467916;65268;681792;0,070993793;0,078557683;0,086355;15;17;3
Santo Antônio da Alegria;124301;63;2475;246;6405;0,079313037;0,085089774;0,086339;17;25;2
Santo Antônio de Posse;531792;57;11577;2764;21323;0,084275196;0,08685457;0,091075;12;26;4
Santo Antônio do Aracanguá;190520;67;3162;506;7823;0,081298735;0,083599642;0,0836;13;27;4
Santo Antônio do Jardim;101801;86;2946;427;5899;0,075097474;0,075266994;0,077979;16;12;2
Santo Antônio do Pinhal;68864;75;3190;746;6524;0,089822195;0,083231147;0,076793;13;48;4
Santo Expedito;24832;79;991;169;2854;0,079187106;0,080939033;0,070077;18;19;2
Santópolis do Aguapeí;50724;66;1440;226;4397;0,081191722;0,092108256;0,098021;13;23;4
Santos;16972840;78;259281;67768;421926;0,064276674;0,070308538;0,076454;20;57;2
São Bento do Sapucaí;135137;75;4399;996;10476;0,082569683;0,076555937;0,06911;16;26;2
São Bernardo do Campo;46137870;82;516196;69056;780617;0,076011668;0,082970266;0,090025;12;175;3
São Caetano do Sul;14537139;128;131446;12895;150014;0,059761089;0,068073646;0,077879;20;27;3
São Carlos;8273251;81;149735;30168;228526;0,073330825;0,081338666;0,089592;14;137;3
São Francisco;29657;65;1294;294;2759;0,076476984;0,073577383;0,065603;20;7;2
São João da Boa Vista;2164018;82;57202;14870;84834;0,072317703;0,077421788;0,082078;16;69;3
São João das Duas Pontes;27073;71;968;138;2537;0,085928262;0,074891604;0,069767;16;5;2
São João de Iracema;33029;69;735;159;1803;0,082085413;0,087077094;0,073766;17;27;2
São João do Pau d'Alho;33368;84;1093;182;2064;0,07751938;0,071705426;0,063953;23;4;2
São Joaquim da Barra;1183059;78;29754;9020;47691;0,075821434;0,082279675;0,089933;13;39;3
São José da Bela Vista;103588;59;2125;375;8495;0,090641554;0,088404944;0,08558;12;23;4
São José do Barreiro;37045;63;1124;216;4072;0,087180747;0,077111984;0,072937;14;67;2
São José do Rio Pardo;1349177;77;30504;5421;52307;0,076528954;0,08457759;0,084769;16;71;3
São José do Rio Preto;12709750;83;326586;88148;421097;0,068492533;0,079235901;0,088918;15;79;3
São José dos Campos;27433754;82;366479;54904;654833;0,079530201;0,084223;0,090692;11;90;3
São Lourenço da Serra;210659;73;6354;1006;14436;0,091576614;0,088805763;0,086104;11;18;4
São Luís do Paraitinga;112435;68;4442;1058;10443;0,084745763;0,08072393;0,072968;16;89;3
São Manuel;856783;76;22785;3687;38704;0,082058702;0,081800331;0,082498;14;94;3
São Miguel Arcanjo;438011;62;12321;2970;31589;0,091360917;0,08464972;0,079806;12;98;3
São Paulo;540295628;78;6955351;905753;11445451;0,074680325;0,080505696;0,089855;13;187;1
São Pedro;488878;59;19678;4157;32450;0,080708783;0,079352851;0,078213;17;51;2
São Pedro do Turvo;121134;62;2741;576;7240;0,08839779;0,081077348;0,076243;15;38;2
São Roque;1844376;71;38687;6574;81547;0,079353011;0,08097171;0,084761;14;56;3
São Sebastião;4654609;73;26448;7876;77969;0,085200528;0,086521566;0,091613;9;163;3
São Sebastião da Grama;193126;59;4698;693;12029;0,082384238;0,082384238;0,08122;15;18;2
São Simão;319440;77;6894;837;14488;0,079790171;0,083310326;0,083655;15;65;3
São Vicente;4074127;67;114089;44604;339972;0,081162566;0,082183239;0,085204;12;24;4
Sarapuí;111569;69;4391;1470;9345;0,08999465;0,084323167;0,081006;13;8;4
Sarutaiá;35293;59;1204;171;3627;0,087951475;0,084918666;0,074442;15;20;4
Sebastianópolis do Sul;221780;82;2446;407;3120;0,066987179;0,077884615;0,090064;17;5;2
Serra Azul;114334;67;3070;304;11541;0,075730006;0,109002686;0,112469;10;18;4
Serra Negra;477526;59;16491;4331;26729;0,07149538;0,074114258;0,076883;18;35;2
Serrana;537480;67;16919;3481;40572;0,087720595;0,093833185;0,09827;9;36;4
Sertãozinho;4096066;69;74993;22200;114008;0,078582205;0,087099151;0,095721;11;61;4
Sete Barras;212263;65;3948;1468;12827;0,094176347;0,079052;0,067982;14;92;3
Severínia;245154;57;6507;893;15991;0,086798824;0,092114314;0,096554;11;19;4
Silveiras;45342;58;2351;603;5913;0,087096229;0,0823609;0,082192;15;26;4
Socorro;541424;72;24154;8052;37361;0,07111694;0,076309521;0,079307;18;34;2
Sorocaba;26138709;87;389036;74909;608308;0,079742499;0,085530685;0,09158;12;109;3
Sud Mennucci;153259;74;3269;531;7527;0,080377308;0,083034409;0,08144;13;31;4
Sumaré;10764267;69;128036;24662;254235;0,082463076;0,088949201;0,096297;9;39;4
Suzanápolis;100994;67;1353;226;3561;0,081718618;0,085369278;0,080034;15;52;2
Suzano;8123405;88;101771;14191;270914;0,09054903;0,086787689;0,086389;10;55;3
Tabapuã;196465;64;6342;1169;11541;0,070271207;0,080755567;0,087687;16;5;2
Tabatinga;160282;66;7703;1140;15049;0,079739518;0,087381221;0,095488;12;23;4
Taboão da Serra;6470054;76;104173;20353;256239;0,08303576;0,085279758;0,092991;9;7;4
Taciba;91202;64;2253;461;5816;0,084766162;0,082530949;0,078061;14;55;4
Taguaí;148287;57;3410;437;11586;0,087692042;0,099775591;0,100293;11;15;4
Taiaçu;61008;64;2475;442;5937;0,085901971;0,087586323;0,084386;15;4;4
Taiúva;73588;55;2719;378;6096;0,07152231;0,100885827;0,100722;16;21;4
Tambaú;437810;66;11975;2360;22508;0,080504709;0,083392572;0,081615;15;30;2
Tanabi;565951;72;14045;3333;24408;0,070099967;0,077187807;0,084767;17;33;2
Tapiraí;101652;66;2569;454;7879;0,100266531;0,080086305;0,070821;13;38;4
Tapiratiba;209058;58;5161;634;12688;0,088114754;0,088430013;0,078184;14;40;4
Taquaral;23028;62;993;126;2729;0,079516306;0,082081348;0,081348;15;12;2
Taquaritinga;1016579;81;31937;6548;54112;0,077838557;0,080776907;0,082884;15;108;3
Taquarituba;344978;76;11189;2062;22582;0,085997697;0,084182092;0,080374;13;35;4
Taquarivaí;95722;102;1133;227;5321;0,101672618;0,095658711;0,089645;9;26;4
Tarabai;70223;66;2481;535;6802;0,088062335;0,089385475;0,085563;12;20;4
Tarumã;677954;68;5806;872;13465;0,082435945;0,08934274;0,090754;10;43;4
Tatuí;2937909;78;66457;22183;111134;0,084411611;0,085725341;0,08766;13;116;3
Taubaté;13902532;75;179910;46745;287514;0,078778773;0,083822005;0,088643;12;98;3
Tejupá;49337;63;1036;144;4760;0,093907563;0,081302521;0,07605;13;10;4
Teodoro Sampaio;413007;69;8697;2591;21705;0,088090302;0,084773094;0,083391;11;35;4
Terra Roxa;100017;68;3603;627;8690;0,080437284;0,085730725;0,088377;14;11;4
Tietê;1469234;80;22795;4580;38120;0,077360965;0,084916055;0,091107;14;77;3
Timburi;29371;68;944;109;2616;0,08295107;0,074541284;0,065749;18;18;2
Torre de Pedra;18016;71;966;168;2273;0,085789705;0,074351078;0,063792;18;27;2
Torrinha;142975;63;5869;711;9442;0,07646685;0,085681;0,085575;17;31;2
Trabiju;30090;75;597;54;1590;0,094968553;0,088679245;0,080503;14;5;4
Tremembé;507521;52;15231;3621;42583;0,078317638;0,096775709;0,101613;11;34;4
Três Fronteiras;71988;67;2816;721;5465;0,077401647;0,074656908;0,072644;20;36;2
Tuiuti;105934;66;2497;682;6126;0,072314724;0,078028077;0,081456;18;15;2
Tupã;1303523;85;44309;14149;63259;0,069413048;0,074139648;0,078155;18;30;2
Tupi Paulista;210674;83;7960;1764;14548;0,062757767;0,079873522;0,09424;19;46;2
Turiúba;32950;80;914;182;1927;0,066943435;0,074727556;0,069538;22;15;2
Turmalina;32828;66;929;120;1924;0,073804574;0,076923077;0,060811;23;26;2
Ubarana;268293;65;2240;401;5523;0,087633533;0,086003983;0,088901;11;23;4
Ubatuba;1251888;71;31375;11067;81784;0,090457791;0,085762496;0,083574;11;98;3
Ubirajara;48917;71;1795;345;4498;0,081591819;0,081147177;0,084704;15;6;2
Uchoa;220125;64;4896;1035;9539;0,07170563;0,081664745;0,083342;17;32;2
União Paulista;35069;63;879;178;1642;0,077953715;0,076735688;0,084653;15;7;2
Urânia;141314;62;5368;1179;8775;0,06951567;0,073618234;0,076923;19;27;2
Uru;21326;100;647;110;1235;0,068016194;0,076923077;0,08583;18;5;2
Urupês;214754;87;7832;1466;12855;0,07016725;0,077401789;0,082069;18;18;2
Valentim Gentil;255502;67;6479;1782;11564;0,076876513;0,087512971;0,093307;13;11;4
Valinhos;4646972;91;81536;11923;112978;0,071536051;0,079944768;0,087645;13;59;3
Valparaíso;591540;66;9066;1589;22993;0,073979037;0,090288349;0,111686;11;33;4
Vargem;77837;63;4486;894;9160;0,081659389;0,084061135;0,086135;16;17;2
Vargem Grande do Sul;606733;63;22530;5561;39955;0,078988862;0,080640721;0,082643;14;46;2
Vargem Grande Paulista;1246862;79;22593;3231;45904;0,084698501;0,084916347;0,08936;10;17;4
Várzea Paulista;2137000;62;52706;12468;111329;0,083814639;0,089976556;0,095689;9;4;4
Vera Cruz;100086;83;4792;945;10684;0,081055784;0,080962186;0,074878;17;23;2
Vinhedo;5915416;82;54128;9006;67915;0,072546566;0,08155783;0,093278;12;25;4
Viradouro;220791;68;9280;2348;17623;0,083186745;0,088463939;0,090336;14;21;4
Vista Alegre do Alto;248134;58;3934;588;7235;0,079060124;0,095784381;0,107809;12;10;4
Vitória Brasil;19749;57;741;176;1745;0,073925501;0,083667622;0,084814;17;12;2
Votorantim;2860760;66;54403;12828;112110;0,085193114;0,087235751;0,090893;11;28;4
Votuporanga;1978162;85;69173;24842;86903;0,07044636;0,080641635;0,08735;16;56;3
Zacarias;65101;67;1221;288;2406;0,071487947;0,074812968;0,086035;16;27;2
;2449148,075;69,69422777;36950,24337;7086,75039;65799,01872;0,081143383;0,08438862;0,084810245;14,08892356;37,3900156;
